{
    "Name": "dubbo-admin-default-password",
    "Description": "dubbo-admin-default-password-1",
    "Product": "dubbo",
    "author": "chumeng",
    "Request":[
        {
        "Method": "GET",
        "Header": {"User-Agent": "Mozilla/5.0 (Windows NT 10.0; Win64; x64) AppleWebKit/537.36 (KHTML, like Gecko) Chrome/90.0.4430.85 Safari/537.36","Authorization":"Basic Z3Vlc3Q6Z3Vlc3Q="},
        "Uri":"/",
        "Port":"",
        "Data":"",
        "Follow_redirects":"false",
        "Upload":{"Name": "","fileName": "","filePath": "" },
        "Response":{
        "Check_Steps":"AND",
        "Checks": [
                {
                "Operation": "contains", 
                "Key":"",
                "Value": "<title>Dubbo Admin</title>"
                },{
                    "Operation": "contains", 
                    "Key":"",
                    "Value": ": guest'', ''/logout''"
                    },
                 {
                "Operation": "code", 
                "Key":"",
                "Value": "200"  
                 }
        ]
        },
        "Next_decide":""
                }
]}
