[{"HostName":"192.168.248.1","Ports":[8089,135,80,5985,139,445,3306],"WeakPass":[{"smb":{"administrator":"930517"}},{"mysql":{"root":"root"}}],"Web":["200 http://192.168.248.1 [Nginx]  Index of /","200 http://192.168.248.1:8089  None"]},{"HostName":"192.168.248.212","Ports":[445,80,135,139,3389,5985],"WeakPass":[{"smb":{"administrator":"P@ssw0rd"}}],"Web":["200 http://192.168.248.212 [IIS]  IIS Windows Server"]},{"HostName":"192.168.248.219","Ports":[22,27017,21,5432,6379,11211],"WeakPass":[{"ssh":{"root":"kali"}},{"mongodb":{"null":"null"}},{"mongodb":{"admin":"123456"}},{"ftp":{"kali":"kali"}},{"postgres":{"admin":"admin@123"}},{"redis":{"null":"null"}},{"Memcached":{"null":"null"}}],"Web":null}]