{
    "SubmitDoM-wSq9k": [
        {
            "url": "http://192.168.166.2/pikachu/vul/rce/rce_eval.php",
            "method": "POST",
            "headers": {
                "Accept": "text/html,application/xhtml+xml,application/xml;q=0.9,image/avif,image/webp,image/apng,*/*;q=0.8,application/signed-exchange;v=b3;q=0.9",
                "Content-Type": "application/x-www-form-urlencoded",
                "Cookie": "PHPSESSID=02nu0ch5d12rpm0ua0b280b7g1",
                "Origin": "http://192.168.166.2",
                "Referer": null,
                "Upgrade-Insecure-Requests": "1",
                "User-Agent": "Mozilla/5.0 (Windows NT 6.3; Win64; x64) AppleWebKit/537.36 (KHTML, like Gecko) Chrome/73.0.3683.103 Safari/537.36"
            },
            "data": "txt=\u0026submit=%E6%8F%90%E4%BA%A4",
            "source": "Document",
            "hostid": 66
        }
    ]
}