{
    "SubmitDoM-gvwbK": [
        {
            "url": "http://192.168.166.2/pikachu/vul/unserilization/unser.php",
            "method": "POST",
            "headers": {
                "Accept": "text/html,application/xhtml+xml,application/xml;q=0.9,image/avif,image/webp,image/apng,*/*;q=0.8,application/signed-exchange;v=b3;q=0.9",
                "Cookie": "PHPSESSID=ofl9dchd22r5s46qa8cs0bcanp",
                "Referer": "http://192.168.166.2/pikachu/",
                "Content-Type": "application/x-www-form-urlencoded",
                "Upgrade-Insecure-Requests": "1",
                "User-Agent": "Mozilla/5.0 (Windows NT 6.3; Win64; x64) AppleWebKit/537.36 (KHTML, like Gecko) Chrome/73.0.3683.103 Safari/537.36"
            },
            "data": "o=sss",
            "source": "Document",
            "hostid": 0
        }
    ]
}