{
    "SubmitDoM-xOYXJ": [
        {
            "url": "http://192.168.166.2/pikachu/vul/xss/xsspost/post_login.php",
            "method": "POST",
            "headers": {
                "Accept": "text/html,application/xhtml+xml,application/xml;q=0.9,image/avif,image/webp,image/apng,*/*;q=0.8,application/signed-exchange;v=b3;q=0.9",
                "Content-Type": "application/x-www-form-urlencoded",
                "Cookie": "PHPSESSID=7una7nat8qpkd7h0mmmcugdrd5",
                "Origin": "http://192.168.166.2",
                "Host": "192.168.166.2",
                "Referer": "http://192.168.166.2/pikachu/vul/xss/xsspost/post_login.php",
                "Upgrade-Insecure-Requests": "1",
                "User-Agent": "Mozilla/5.0 (Windows NT 6.3; Win64; x64) AppleWebKit/537.36 (KHTML, like Gecko) Chrome/73.0.3683.103 Safari/537.36"
            },
            "data": "username=\u0026password=\u0026submit=Login",
            "source": "Document",
            "hostid": 66
        }
    ]
}