{
    "Name": "alibaba-canal-default-password",
    "Description": "alibaba-canal-default-password",
    "Product": "Alibaba",
    "author": "chumeng",
    "Request":[
        {
        "Method": "POST",
        "Header": {"Content-Type": "application/json"},
        "Uri":"/api/v1/user/login",
        "Port":"",
        "Data":"{\"username\":\"admin\",\"password\":\"123456\"}",
        "Follow_redirects":"false",
        "Upload":{"Name": "","fileName": "","filePath": "" },
        "Response":{
        "Check_Steps":"AND",
        "Checks": [
                {
                "Operation": "contains", 
                "Key":"",
                "Value": "{\"code\":20000"
                }, 
                {
                    "Operation": "contains", 
                    "Key":"",
                    "Value": "\"data\":{\"token\""
                },
                 {
                "Operation": "code", 
                "Key":"",
                "Value": "200"  
                 }
        ]
        },
        "Next_decide":""
                }
]}
