[
	{
		"url":"/",
		"match":[{
				"phrase":"http.body",
				"match_file_list":"data/illegal_feature/gambling.txt",
				"name":"博彩网站"
			},{
				"phrase":"http.body",
				"match_file_list":"data/illegal_feature/erotic.txt",
				"name":"色情网站"
			},{
				"phrase":"http.body",
				"match_file_list":"data/illegal_feature/page_captcha.txt",
				"name":"打码网站"
			},{
				"phrase":"http.body",
				"match_file_list":"data/illegal_feature/routine_loan.txt",
				"name":"套路贷网站"
			},{
				"phrase":"http.body.text",
				"regexp":"english.{0,100}?(中文版|繁体版|简体版|簡體版|简体中文)",
				"name":"多语言网站"
			},{
				"phrase":"http.body.text",
				"regexp":"(选择语言|選擇語言).{1,100}?(中文简体|中文繁体).{1,100}?english",
				"name":"多语言网站"
			},{
				"phrase":"http.body",
				"regexp":"<title>.*?(?:搜索|google|百度).*?</title>.*?(?:google|baidu)",
				"name":"镜像网站"
			},{
				"phrase":"http.body",
				"regexp":"<title>.*?(?:种子|磁力|下载).*?</title>",
				"name":"下载服务"
			},{
				"phrase":"http.body",
				"match_file_list":"data/illegal_feature/gambling.txt",
				"regexp1":"app下载",
				"name":"APP下载链接"
			}
		]
	},{
		"url":"/announce",
		"match":[{
				"phrase":"http.body",
				"regexp":"d14:failure reason17:missing info hashe",
				"name":"下载服务"
			}
		]
	},{
		"url":"*",
		"match":[{
				"phrase":"http.headers.content_type",
				"regexp":"application/vnd\\.(?:iphone|android\\.package-archive)",
				"name":"APP下载链接"
			},{
				"phrase":"http.path",
				"regexp":".apk",
				"name":"APP下载链接"
			}
		]
	}
]