{
    "target":"docker",
    "meta":{
        "name":    "ElasticSearch 未授权访问",
        "remarks": "未授权访问导致数据信息泄露，部分版本或插件存在漏洞，严重可导致服务器被入侵。",
        "level":   0,
        "type":    "UNAUTH",
        "author":   "wolf",
        "references": {
            "url":"",
            "cve":"",
            "kpid":"KP-0058"
        }
    },
    "request":{
        "path":     "/_cat",
        "postData": ""
    },
    "verify":{
        "type":  "string",
        "match": "/_cat/master"
    }
}