{
    "target":"hadoop",
    "meta":{
        "name":    "Hadoop YARN ResourceManager 未授权访问/RCE",
        "remarks": "Hadoop YARN ResourceManager 未授权访问，可查看集群相关信息，通过提交任务功能可在服务上执行任意命令，导致服务器被入侵控制。",
        "level":   0,
        "type":    "UNAUTH",
        "author":   "wolf",
        "references": {
            "url":"https://github.com/vulhub/vulhub/tree/master/hadoop/unauthorized-yarn",
            "cve":"",
            "kpid":"KP-0060"
        }
    },
    "request":{
        "path":     "/ws/v1/cluster/apps/new-application",
        "postData": ""
    },
    "verify":{
        "type":  "string",
        "match": "<javaClassName>javax.ws.rs.WebApplicationException"
    }
}
