{
    "Name": "shiro检测",
    "Description": "shiro检测",
    "Product": "apache",
    "author": "chumeng",
    "Request":[
        {
        "Method": "GET",
        "Header": {"User-Agent": "Mozilla/5.0 (Windows NT 10.0; Win64; x64) AppleWebKit/537.36 (KHTML, like Gecko) Chrome/90.0.4430.85 Safari/537.36","Cookie":"rememberMe=1"},
        "Uri":"/",
        "Port":"",
        "Data":"",
        "Follow_redirects":"true",
        "Upload":{"Name": "","fileName": "","filePath": "" },
        "Response":{
        "Check_Steps":"AND",
        "Checks": [
                {
                "Operation": "contains", 
                "Key":"Set-Cookie",
                "Value": "rememberMe=deleteMe"
                },
                 {
                "Operation": "code", 
                "Key":"",
                "Value": "200"  
                 }
        ]
        },
        "Next_decide":""
                }
]}