{
	"fingerprint": [{
		"cms": "seeyon",
		"method": "keyword",
		"location": "body",
		"keyword": ["/seeyon/USER-DATA/IMAGES/LOGIN/login.gif"]
	}, {
		"cms": "seeyon",
		"method": "keyword",
		"location": "body",
		"keyword": ["/seeyon/common/"]
	}, {
		"cms": "Spring env",
		"method": "keyword",
		"location": "body",
		"keyword": ["servletContextInitParams"]
	}, {
		"cms": "微三云管理系统",
		"method": "keyword",
		"location": "body",
		"keyword": ["WSY_logo","管理系统 MANAGEMENT SYSTEM"]
	}, {
		"cms": "Spring env",
		"method": "keyword",
		"location": "body",
		"keyword": ["logback"]
	}, {
		"cms": "Weblogic",
		"method": "keyword",
		"location": "body",
		"keyword": ["Error 404--Not Found"]
	}, {
		"cms": "Weblogic",
		"method": "keyword",
		"location": "body",
		"keyword": ["Error 403--"]
	}, {
		"cms": "Weblogic",
		"method": "keyword",
		"location": "body",
		"keyword": ["/console/framework/skins/wlsconsole/images/login_WebLogic_branding.png"]
	}, {
		"cms": "Weblogic",
		"method": "keyword",
		"location": "body",
		"keyword": ["Welcome to Weblogic Application Server"]
	}, {
		"cms": "Weblogic",
		"method": "keyword",
		"location": "body",
		"keyword": ["<i>Hypertext Transfer Protocol -- HTTP/1.1</i>"]
	}, {
		"cms": "Sangfor SSL VPN",
		"method": "keyword",
		"location": "body",
		"keyword": ["/por/login_psw.csp"]
	}, {
		"cms": "Sangfor SSL VPN",
		"method": "keyword",
		"location": "body",
		"keyword": ["loginPageSP/loginPrivacy.js"]
	}, {
		"cms": "e-mobile",
		"method": "keyword",
		"location": "body",
		"keyword": ["weaver,e-mobile"]
	}, {
		"cms": "ecology",
		"method": "keyword",
		"location": "header",
		"keyword": ["ecology_JSessionid"]
	}, {
		"cms": "Shiro",
		"method": "keyword",
		"location": "header",
		"keyword": ["rememberMe="]
	}, {
		"cms": "Shiro",
		"method": "keyword",
		"location": "header",
		"keyword": ["=deleteMe"]
	}, {
		"cms": "泛微云桥 e-Bridge",
		"method": "keyword",
		"location": "body",
		"keyword": ["wx.weaver"]
	}, {
		"cms": "泛微 OA",
		"method": "faviconhash",
		"location": "body",
		"keyword": ["1578525679"]
	}, {
		"cms": "泛微云桥 e-Bridge",
		"method": "keyword",
		"location": "body",
		"keyword": ["e-Bridge"]
	}, {
		"cms": "Swagger UI",
		"method": "keyword",
		"location": "body",
		"keyword": ["Swagger UI"]
	}, {
		"cms": "Ruijie",
		"method": "keyword",
		"location": "body",
		"keyword": ["4008 111 000"]
	}, {
		"cms": "Huawei SMC",
		"method": "keyword",
		"location": "body",
		"keyword": ["Script/SmcScript.js?version="]
	}, {
		"cms": "H3C Router",
		"method": "keyword",
		"location": "body",
		"keyword": ["/wnm/ssl/web/frame/login.html"]
	}, {
		"cms": "Cisco SSLVPN",
		"method": "keyword",
		"location": "body",
		"keyword": ["/+CSCOE+/logon.html"]
	}, {
		"cms": "通达OA",
		"method": "keyword",
		"location": "body",
		"keyword": ["/images/tongda.ico"]
	}, {
		"cms": "通达OA",
		"method": "keyword",
		"location": "body",
		"keyword": ["Office Anywhere"]
	}, {
		"cms": "通达OA",
		"method": "keyword",
		"location": "body",
		"keyword": ["通达OA","login"]
	}, {
		"cms": "深信服 waf",
		"method": "keyword",
		"location": "body",
		"keyword": ["rsa.js", "commonFunction.js"]
	}, {
		"cms": "深信服 waf",
		"method": "keyword",
		"location": "body",
		"keyword": ["Redirect to...", "/LogInOut.php"]
	}, {
		"cms": "网御 vpn",
		"method": "keyword",
		"location": "body",
		"keyword": ["/vpn/common/js/leadsec.js", "/vpn/user/common/custom/auth_home.css"]
	}, {
		"cms": "启明星辰天清汉马USG防火墙",
		"method": "keyword",
		"location": "body",
		"keyword": ["/cgi-bin/webui?op=get_product_model"]
	}, {
		"cms": "蓝凌 OA",
		"method": "keyword",
		"location": "body",
		"keyword": ["sys/ui/extend/theme/default/style/icon.css", "sys/ui/extend/theme/default/style/profile.css"]
	}, {
		"cms": "深信服上网行为管理系统",
		"method": "keyword",
		"location": "body",
		"keyword": ["utccjfaewjb = function(str, key)"]
	}, {
		"cms": "深信服上网行为管理系统",
		"method": "keyword",
		"location": "body",
		"keyword": ["document.write(WRFWWCSFBXMIGKRKHXFJ"]
	}, {
		"cms": "深信服应用交付报表系统",
		"method": "keyword",
		"location": "body",
		"keyword": ["/reportCenter/index.php?cls_mode=cluster_mode_others"]
	}, {
		"cms": "群晖 NAS",
		"method": "keyword",
		"location": "body",
		"keyword": ["Synology","webman/"]
	}, {
		"cms": "金蝶云星空",
		"method": "keyword",
		"location": "body",
		"keyword": ["HTML5/content/themes/kdcss.min.css"]
	}, {
		"cms": "金蝶云星空",
		"method": "keyword",
		"location": "body",
		"keyword": ["/ClientBin/Kingdee.BOS.XPF.App.xap"]
	}, {
		"cms": "CoreMail",
		"method": "keyword",
		"location": "body",
		"keyword": ["coremail/common"]
	}, {
		"cms": "启明星辰天清汉马USG防火墙",
		"method": "keyword",
		"location": "body",
		"keyword": ["天清汉马USG"]
	}, {
		"cms": "Jboss",
		"method": "keyword",
		"location": "body",
		"keyword": ["jboss.css"]
	}, {
		"cms": "Gitlab",
		"method": "keyword",
		"location": "body",
		"keyword": ["assets/gitlab_logo"]
	}, {
		"cms": "宝塔-BT.cn",
		"method": "keyword",
		"location": "body",
		"keyword": ["入口校验失败"]
	}, {
		"cms": "宝塔-BT.cn",
		"method": "keyword",
		"location": "body",
		"keyword": ["没有找到站点","可能原因","CDN产品","Web服务","检查端口是否正确"]
	}, {
		"cms": "宝塔-BT.cn",
		"method": "keyword",
		"location": "body",
		"keyword": ["<title>恭喜，站点创建成功","面板系统后台","系统自动生成"]
	}, {
		"cms": "DouPHP",
		"method": "keyword",
		"location": "body",
		"keyword": ["Powered by DouPHP","DouPHP","theme"]
	}, {
		"cms": "宝塔-BT.cn",
		"method": "keyword",
		"location": "body",
		"keyword": ["扫码登录更安全","bt.cn","/login"]
	}, {
		"cms": "宝塔-BT.cn",
		"method": "keyword",
		"location": "body",
		"keyword": ["站点创建成功","bt.cn"]
	}, {
		"cms": "宝塔-BT.cn",
		"method": "keyword",
		"location": "body",
		"keyword": ["站点创建成功","宝塔"]
	}, {
		"cms": "禅道",
		"method": "keyword",
		"location": "body",
		"keyword": ["self.location", "Lw=="]
	}, {
		"cms": "禅道",
		"method": "keyword",
		"location": "body",
		"keyword": ["/theme/default/images/main/zt-logo.png"]
	}, {
		"cms": "禅道",
		"method": "keyword",
		"location": "header",
		"keyword": ["zentaosid"]
	}, {
		"cms": "用友软件",
		"method": "keyword",
		"location": "body",
		"keyword": ["UFIDA Software CO.LTD all rights reserved"]
	}, {
	    "cms": "用友NC",
	    "method": "keyword",
	    "location": "body",
	    "keyword": ["logo/images/ufida_nc.png","用友NC"]
	}, {
		"cms": "YONYOU NC",
		"method": "keyword",
		"location": "body",
		"keyword": ["uclient.yonyou.com", "UClient"]
	}, {
		"cms": "宝塔-BT.cn",
		"method": "keyword",
		"location": "body",
		"keyword": ["宝塔Linux面板"]
	}, {
		"cms": "RabbitMQ",
		"method": "keyword",
		"location": "body",
		"keyword": ["<title>RabbitMQ Management</title>"]
	}, {
		"cms": "Zabbix",
		"method": "keyword",
		"location": "body",
		"keyword": ["zabbix", "Zabbix SIA"]
	}, {
		"cms": "联软准入",
		"method": "keyword",
		"location": "body",
		"keyword": ["网络准入", "leagsoft", "redirect"]
	}, {
		"cms": "列目录",
		"method": "keyword",
		"location": "body",
		"keyword": ["Index of /"]
	}, {
		"cms": "列目录",
		"method": "keyword",
		"location": "body",
		"keyword": [" - /</title>"]
	}, {
		"cms": "浪潮服务器IPMI管理口",
		"method": "keyword",
		"location": "body",
		"keyword": ["img/inspur_logo.png", "Management System"]
	}, {
		"cms": "RegentApi_v2.0",
		"method": "keyword",
		"location": "body",
		"keyword": ["RegentApi_v2.0"]
	}, {
		"cms": "Tomcat默认页面",
		"method": "keyword",
		"location": "body",
		"keyword": ["/manager/status", "/manager/html"]
	}, {
		"cms": "slack-instance",
		"method": "faviconhash",
		"location": "body",
		"keyword": ["99395752"]
	}, {
		"cms": "spring-boot",
		"method": "faviconhash",
		"location": "body",
		"keyword": ["116323821"]
	}, {
		"cms": "Jenkins",
		"method": "faviconhash",
		"location": "body",
		"keyword": ["81586312"]
	}, {
		"cms": "Cnservers LLC",
		"method": "faviconhash",
		"location": "body",
		"keyword": ["-235701012"]
	}, {
		"cms": "Atlassian",
		"method": "faviconhash",
		"location": "body",
		"keyword": ["743365239"]
	}, {
		"cms": "Chainpoint",
		"method": "faviconhash",
		"location": "body",
		"keyword": ["2128230701"]
	}, {
		"cms": "LaCie",
		"method": "faviconhash",
		"location": "body",
		"keyword": ["-1277814690"]
	}, {
		"cms": "Parse",
		"method": "faviconhash",
		"location": "body",
		"keyword": ["246145559"]
	}, {
		"cms": "Atlassian",
		"method": "faviconhash",
		"location": "body",
		"keyword": ["628535358"]
	}, {
		"cms": "JIRA",
		"method": "faviconhash",
		"location": "body",
		"keyword": ["855273746"]
	}, {
		"cms": "Avigilon",
		"method": "faviconhash",
		"location": "body",
		"keyword": ["1318124267"]
	}, {
		"cms": "Confluence",
		"method": "faviconhash",
		"location": "body",
		"keyword": ["-305179312"]
	}, {
		"cms": "OpenStack",
		"method": "faviconhash",
		"location": "body",
		"keyword": ["786533217"]
	}, {
		"cms": "Pi Star",
		"method": "faviconhash",
		"location": "body",
		"keyword": ["432733105"]
	}, {
		"cms": "Atlassian",
		"method": "faviconhash",
		"location": "body",
		"keyword": ["705143395"]
	}, {
		"cms": "Angular IO (AngularJS)",
		"method": "faviconhash",
		"location": "body",
		"keyword": ["-1255347784"]
	}, {
		"cms": "XAMPP",
		"method": "faviconhash",
		"location": "body",
		"keyword": ["-1275226814"]
	}, {
		"cms": "React",
		"method": "faviconhash",
		"location": "body",
		"keyword": ["-2009722838"]
	}, {
		"cms": "Atlassian – JIRA",
		"method": "faviconhash",
		"location": "body",
		"keyword": ["981867722"]
	}, {
		"cms": "OpenStack",
		"method": "faviconhash",
		"location": "body",
		"keyword": ["-923088984"]
	}, {
		"cms": "Aplikasi",
		"method": "faviconhash",
		"location": "body",
		"keyword": ["494866796"]
	}, {
		"cms": "Ubiquiti Aircube",
		"method": "faviconhash",
		"location": "body",
		"keyword": ["1249285083"]
	}, {
		"cms": "Atlassian – Bamboo",
		"method": "faviconhash",
		"location": "body",
		"keyword": ["-1379982221"]
	}, {
		"cms": "Exostar – Managed Access Gateway",
		"method": "faviconhash",
		"location": "body",
		"keyword": ["420473080"]
	}, {
		"cms": "Atlassian – Confluence",
		"method": "faviconhash",
		"location": "body",
		"keyword": ["-1642532491"]
	}, {
		"cms": "Cisco Meraki",
		"method": "faviconhash",
		"location": "body",
		"keyword": ["163842882"]
	}, {
		"cms": "Archivematica",
		"method": "faviconhash",
		"location": "body",
		"keyword": ["-1378182799"]
	}, {
		"cms": "TCN",
		"method": "faviconhash",
		"location": "body",
		"keyword": ["-702384832"]
	}, {
		"cms": "CX",
		"method": "faviconhash",
		"location": "body",
		"keyword": ["-532394952"]
	}, {
		"cms": "Ace",
		"method": "faviconhash",
		"location": "body",
		"keyword": ["-183163807"]
	}, {
		"cms": "Atlassian – JIRA",
		"method": "faviconhash",
		"location": "body",
		"keyword": ["552727997"]
	}, {
		"cms": "NetData",
		"method": "faviconhash",
		"location": "body",
		"keyword": ["1302486561"]
	}, {
		"cms": "OpenGeo Suite",
		"method": "faviconhash",
		"location": "body",
		"keyword": ["-609520537"]
	}, {
		"cms": "Dgraph Ratel",
		"method": "faviconhash",
		"location": "body",
		"keyword": ["-1961046099"]
	}, {
		"cms": "Atlassian – JIRA",
		"method": "faviconhash",
		"location": "body",
		"keyword": ["-1581907337"]
	}, {
		"cms": "Material Dashboard",
		"method": "faviconhash",
		"location": "body",
		"keyword": ["1913538826"]
	}, {
		"cms": "Form.io",
		"method": "faviconhash",
		"location": "body",
		"keyword": ["1319699698"]
	}, {
		"cms": "Kubeflow",
		"method": "faviconhash",
		"location": "body",
		"keyword": ["-1203021870"]
	}, {
		"cms": "netdata dashboard",
		"method": "faviconhash",
		"location": "body",
		"keyword": ["-182423204"]
	}, {
		"cms": "CapRover",
		"method": "faviconhash",
		"location": "body",
		"keyword": ["988422585"]
	}, {
		"cms": "WiJungle",
		"method": "faviconhash",
		"location": "body",
		"keyword": ["2113497004"]
	}, {
		"cms": "Onera",
		"method": "faviconhash",
		"location": "body",
		"keyword": ["1234311970"]
	}, {
		"cms": "SmartPing",
		"method": "faviconhash",
		"location": "body",
		"keyword": ["430582574"]
	}, {
		"cms": "OpenStack",
		"method": "faviconhash",
		"location": "body",
		"keyword": ["1232596212"]
	}, {
		"cms": "netdata dashboard",
		"method": "faviconhash",
		"location": "body",
		"keyword": ["1585145626"]
	}, {
		"cms": "FRITZ!Box",
		"method": "faviconhash",
		"location": "body",
		"keyword": ["-219752612"]
	}, {
		"cms": "fortinet-forticlient",
		"method": "faviconhash",
		"location": "body",
		"keyword": ["945408572"]
	}, {
		"cms": "Ubiquiti – AirOS",
		"method": "faviconhash",
		"location": "body",
		"keyword": ["-697231354"]
	}, {
		"cms": "Fortinet – Forticlient",
		"method": "faviconhash",
		"location": "body",
		"keyword": ["945408572"]
	}, {
		"cms": "Outlook Web Application",
		"method": "faviconhash",
		"location": "body",
		"keyword": ["1768726119"]
	}, {
		"cms": "Huawei – Claro",
		"method": "faviconhash",
		"location": "body",
		"keyword": ["2109473187"]
	}, {
		"cms": "ASUS AiCloud",
		"method": "faviconhash",
		"location": "body",
		"keyword": ["552592949"]
	}, {
		"cms": "SonicWALL",
		"method": "faviconhash",
		"location": "body",
		"keyword": ["631108382"]
	}, {
		"cms": "Google",
		"method": "faviconhash",
		"location": "body",
		"keyword": ["708578229"]
	}, {
		"cms": "Plesk",
		"method": "faviconhash",
		"location": "body",
		"keyword": ["-134375033"]
	}, {
		"cms": "Dahua Storm (IP Camera)",
		"method": "faviconhash",
		"location": "body",
		"keyword": ["2019488876"]
	}, {
		"cms": "Huawei – ADSL/Router",
		"method": "faviconhash",
		"location": "body",
		"keyword": ["-1395400951"]
	}, {
		"cms": "Sophos Cyberoam (appliance)",
		"method": "faviconhash",
		"location": "body",
		"keyword": ["1601194732"]
	}, {
		"cms": "LANCOM Systems",
		"method": "faviconhash",
		"location": "body",
		"keyword": ["-325082670"]
	}, {
		"cms": "Plesk",
		"method": "faviconhash",
		"location": "body",
		"keyword": ["-1050786453"]
	}, {
		"cms": "TilginAB (HomeGateway)",
		"method": "faviconhash",
		"location": "body",
		"keyword": ["-1346447358"]
	}, {
		"cms": "Supermicro Intelligent Management (IPMI)",
		"method": "faviconhash",
		"location": "body",
		"keyword": ["1410610129"]
	}, {
		"cms": "Zyxel ZyWALL",
		"method": "faviconhash",
		"location": "body",
		"keyword": ["-440644339"]
	}, {
		"cms": "Dell SonicWALL",
		"method": "faviconhash",
		"location": "body",
		"keyword": ["363324987"]
	}, {
		"cms": "Ubiquiti Login Portals",
		"method": "faviconhash",
		"location": "body",
		"keyword": ["-1446794564"]
	}, {
		"cms": "Sophos User Portal/VPN Portal",
		"method": "faviconhash",
		"location": "body",
		"keyword": ["1045696447"]
	}, {
		"cms": "Apache Tomcat",
		"method": "faviconhash",
		"location": "body",
		"keyword": ["-297069493"]
	}, {
		"cms": "OpenVPN",
		"method": "faviconhash",
		"location": "body",
		"keyword": ["396533629"]
	}, {
		"cms": "Cyberoam",
		"method": "faviconhash",
		"location": "body",
		"keyword": ["1462981117"]
	}, {
		"cms": "ASP.net favicon",
		"method": "faviconhash",
		"location": "body",
		"keyword": ["1772087922"]
	}, {
		"cms": "Technicolor",
		"method": "faviconhash",
		"location": "body",
		"keyword": ["1594377337"]
	}, {
		"cms": "Vodafone (Technicolor)",
		"method": "faviconhash",
		"location": "body",
		"keyword": ["165976831"]
	}, {
		"cms": "UBNT Router UI",
		"method": "faviconhash",
		"location": "body",
		"keyword": ["-1677255344"]
	}, {
		"cms": "Intelbras Wireless",
		"method": "faviconhash",
		"location": "body",
		"keyword": ["-359621743"]
	}, {
		"cms": "Kerio Connect (Webmail)",
		"method": "faviconhash",
		"location": "body",
		"keyword": ["-677167908"]
	}, {
		"cms": "BIG-IP",
		"method": "faviconhash",
		"location": "body",
		"keyword": ["878647854"]
	}, {
		"cms": "Microsoft OWA",
		"method": "faviconhash",
		"location": "body",
		"keyword": ["442749392"]
	}, {
		"cms": "pfSense",
		"method": "faviconhash",
		"location": "body",
		"keyword": ["1405460984"]
	}, {
		"cms": "iKuai Networks",
		"method": "faviconhash",
		"location": "body",
		"keyword": ["-271448102"]
	}, {
		"cms": "Dlink Webcam",
		"method": "faviconhash",
		"location": "body",
		"keyword": ["31972968"]
	}, {
		"cms": "3CX Phone System",
		"method": "faviconhash",
		"location": "body",
		"keyword": ["970132176"]
	}, {
		"cms": "Bluehost",
		"method": "faviconhash",
		"location": "body",
		"keyword": ["-1119613926"]
	}, {
		"cms": "Sangfor",
		"method": "faviconhash",
		"location": "body",
		"keyword": ["123821839"]
	}, {
		"cms": "ZTE Corporation (Gateway/Appliance)",
		"method": "faviconhash",
		"location": "body",
		"keyword": ["459900502"]
	}, {
		"cms": "Ruckus Wireless",
		"method": "faviconhash",
		"location": "body",
		"keyword": ["-2069844696"]
	}, {
		"cms": "Bitnami",
		"method": "faviconhash",
		"location": "body",
		"keyword": ["-1607644090"]
	}, {
		"cms": "Juniper Device Manager",
		"method": "faviconhash",
		"location": "body",
		"keyword": ["2141724739"]
	}, {
		"cms": "Technicolor Gateway",
		"method": "faviconhash",
		"location": "body",
		"keyword": ["1835479497"]
	}, {
		"cms": "Gitlab",
		"method": "faviconhash",
		"location": "body",
		"keyword": ["1278323681"]
	}, {
		"cms": "NETASQ - Secure / Stormshield",
		"method": "faviconhash",
		"location": "body",
		"keyword": ["-1929912510"]
	}, {
		"cms": "VMware Horizon",
		"method": "faviconhash",
		"location": "body",
		"keyword": ["-1255992602"]
	}, {
		"cms": "VMware Horizon",
		"method": "faviconhash",
		"location": "body",
		"keyword": ["1895360511"]
	}, {
		"cms": "VMware Horizon",
		"method": "faviconhash",
		"location": "body",
		"keyword": ["-991123252"]
	}, {
		"cms": "Vmware Secure File Transfer",
		"method": "faviconhash",
		"location": "body",
		"keyword": ["1642701741"]
	}, {
		"cms": "SAP Netweaver",
		"method": "faviconhash",
		"location": "body",
		"keyword": ["-266008933"]
	}, {
		"cms": "SAP ID Service: Log On",
		"method": "faviconhash",
		"location": "body",
		"keyword": ["-1967743928"]
	}, {
		"cms": "SAP Conversational AI",
		"method": "faviconhash",
		"location": "body",
		"keyword": ["1347937389"]
	}, {
		"cms": "Palo Alto Login Portal",
		"method": "faviconhash",
		"location": "body",
		"keyword": ["602431586"]
	}, {
		"cms": "Palo Alto Networks",
		"method": "faviconhash",
		"location": "body",
		"keyword": ["-318947884"]
	}, {
		"cms": "Outlook Web Application",
		"method": "faviconhash",
		"location": "body",
		"keyword": ["1356662359"]
	}, {
		"cms": "Webmin",
		"method": "faviconhash",
		"location": "body",
		"keyword": ["1453890729"]
	}, {
		"cms": "Docker",
		"method": "faviconhash",
		"location": "body",
		"keyword": ["-1814887000"]
	}, {
		"cms": "Docker",
		"method": "faviconhash",
		"location": "body",
		"keyword": ["1937209448"]
	}, {
		"cms": "Amazon",
		"method": "faviconhash",
		"location": "body",
		"keyword": ["-1544605732"]
	}, {
		"cms": "Amazon",
		"method": "faviconhash",
		"location": "body",
		"keyword": ["716989053"]
	}, {
		"cms": "phpMyAdmin",
		"method": "faviconhash",
		"location": "body",
		"keyword": ["-1010568750"]
	}, {
		"cms": "Zhejiang Uniview Technologies Co.",
		"method": "faviconhash",
		"location": "body",
		"keyword": ["-1240222446"]
	}, {
		"cms": "ISP Manager",
		"method": "faviconhash",
		"location": "body",
		"keyword": ["-986678507"]
	}, {
		"cms": "AXIS (network cameras)",
		"method": "faviconhash",
		"location": "body",
		"keyword": ["-1616143106"]
	}, {
		"cms": "Roundcube Webmail",
		"method": "faviconhash",
		"location": "body",
		"keyword": ["-976235259"]
	}, {
		"cms": "UniFi Video Controller (airVision)",
		"method": "faviconhash",
		"location": "body",
		"keyword": ["768816037"]
	}, {
		"cms": "pfSense",
		"method": "faviconhash",
		"location": "body",
		"keyword": ["1015545776"]
	}, {
		"cms": "Freebox OS",
		"method": "faviconhash",
		"location": "body",
		"keyword": ["1838417872"]
	}, {
		"cms": "Keenetic",
		"method": "faviconhash",
		"location": "body",
		"keyword": ["547282364"]
	}, {
		"cms": "Sierra Wireless Ace Manager (Airlink)",
		"method": "faviconhash",
		"location": "body",
		"keyword": ["-1571472432"]
	}, {
		"cms": "Synology DiskStation",
		"method": "faviconhash",
		"location": "body",
		"keyword": ["149371702"]
	}, {
		"cms": "INSTAR IP Cameras",
		"method": "faviconhash",
		"location": "body",
		"keyword": ["-1169314298"]
	}, {
		"cms": "Webmin",
		"method": "faviconhash",
		"location": "body",
		"keyword": ["-1038557304"]
	}, {
		"cms": "Octoprint (3D printer)",
		"method": "faviconhash",
		"location": "body",
		"keyword": ["1307375944"]
	}, {
		"cms": "Webmin",
		"method": "faviconhash",
		"location": "body",
		"keyword": ["1280907310"]
	}, {
		"cms": "Vesta Hosting Control Panel",
		"method": "faviconhash",
		"location": "body",
		"keyword": ["1954835352"]
	}, {
		"cms": "Farming Simulator Dedicated Server",
		"method": "faviconhash",
		"location": "body",
		"keyword": ["509789953"]
	}, {
		"cms": "Residential Gateway",
		"method": "faviconhash",
		"location": "body",
		"keyword": ["-1933493443"]
	}, {
		"cms": "cPanel Login",
		"method": "faviconhash",
		"location": "body",
		"keyword": ["1993518473"]
	}, {
		"cms": "Arris",
		"method": "faviconhash",
		"location": "body",
		"keyword": ["-1477563858"]
	}, {
		"cms": "PLEX Server",
		"method": "faviconhash",
		"location": "body",
		"keyword": ["-895890586"]
	}, {
		"cms": "Dlink Webcam",
		"method": "faviconhash",
		"location": "body",
		"keyword": ["-1354933624"]
	}, {
		"cms": "Deluge",
		"method": "faviconhash",
		"location": "body",
		"keyword": ["944969688"]
	}, {
		"cms": "Webmin",
		"method": "faviconhash",
		"location": "body",
		"keyword": ["479413330"]
	}, {
		"cms": "Cambium Networks",
		"method": "faviconhash",
		"location": "body",
		"keyword": ["-435817905"]
	}, {
		"cms": "Plesk",
		"method": "faviconhash",
		"location": "body",
		"keyword": ["-981606721"]
	}, {
		"cms": "Dahua Storm (IP Camera)",
		"method": "faviconhash",
		"location": "body",
		"keyword": ["833190513"]
	}, {
		"cms": "Parallels Plesk Panel",
		"method": "faviconhash",
		"location": "body",
		"keyword": ["-652508439"]
	}, {
		"cms": "Fireware Watchguard",
		"method": "faviconhash",
		"location": "body",
		"keyword": ["-569941107"]
	}, {
		"cms": "Shock&Innovation!! netis setup",
		"method": "faviconhash",
		"location": "body",
		"keyword": ["1326164945"]
	}, {
		"cms": "cacaoweb",
		"method": "faviconhash",
		"location": "body",
		"keyword": ["-1738184811"]
	}, {
		"cms": "Loxone (Automation)",
		"method": "faviconhash",
		"location": "body",
		"keyword": ["904434662"]
	}, {
		"cms": "HP Printer / Server",
		"method": "faviconhash",
		"location": "body",
		"keyword": ["905744673"]
	}, {
		"cms": "Netflix",
		"method": "faviconhash",
		"location": "body",
		"keyword": ["902521196"]
	}, {
		"cms": "Linksys Smart Wi-Fi",
		"method": "faviconhash",
		"location": "body",
		"keyword": ["-2063036701"]
	}, {
		"cms": "lwIP (A Lightweight TCP/IP stack)",
		"method": "faviconhash",
		"location": "body",
		"keyword": ["-1205024243"]
	}, {
		"cms": "Hitron Technologies",
		"method": "faviconhash",
		"location": "body",
		"keyword": ["607846949"]
	}, {
		"cms": "Dahua Storm (DVR)",
		"method": "faviconhash",
		"location": "body",
		"keyword": ["1281253102"]
	}, {
		"cms": "MOBOTIX Camera",
		"method": "faviconhash",
		"location": "body",
		"keyword": ["661332347"]
	}, {
		"cms": "Blue Iris (Webcam)",
		"method": "faviconhash",
		"location": "body",
		"keyword": ["-520888198"]
	}, {
		"cms": "Vigor Router",
		"method": "faviconhash",
		"location": "body",
		"keyword": ["104189364"]
	}, {
		"cms": "Alibaba Cloud (Block Page)",
		"method": "faviconhash",
		"location": "body",
		"keyword": ["1227052603"]
	}, {
		"cms": "DD WRT (DD-WRT milli_httpd)",
		"method": "faviconhash",
		"location": "body",
		"keyword": ["252728887"]
	}, {
		"cms": "Mitel Networks (MiCollab End User Portal)",
		"method": "faviconhash",
		"location": "body",
		"keyword": ["-1922044295"]
	}, {
		"cms": "Dlink Webcam",
		"method": "faviconhash",
		"location": "body",
		"keyword": ["1221759509"]
	}, {
		"cms": "Dlink Router",
		"method": "faviconhash",
		"location": "body",
		"keyword": ["1037387972"]
	}, {
		"cms": "PRTG Network Monitor",
		"method": "faviconhash",
		"location": "body",
		"keyword": ["-655683626"]
	}, {
		"cms": "Elastic (Database)",
		"method": "faviconhash",
		"location": "body",
		"keyword": ["1611729805"]
	}, {
		"cms": "Dlink Webcam",
		"method": "faviconhash",
		"location": "body",
		"keyword": ["1144925962"]
	}, {
		"cms": "Wildfly",
		"method": "faviconhash",
		"location": "body",
		"keyword": ["-1666561833"]
	}, {
		"cms": "Cisco Meraki Dashboard",
		"method": "faviconhash",
		"location": "body",
		"keyword": ["804949239"]
	}, {
		"cms": "Workday",
		"method": "faviconhash",
		"location": "body",
		"keyword": ["-459291760"]
	}, {
		"cms": "JustHost",
		"method": "faviconhash",
		"location": "body",
		"keyword": ["1734609466"]
	}, {
		"cms": "Baidu (IP error page)",
		"method": "faviconhash",
		"location": "body",
		"keyword": ["-1507567067"]
	}, {
		"cms": "Intelbras SA",
		"method": "faviconhash",
		"location": "body",
		"keyword": ["2006716043"]
	}, {
		"cms": "Yii PHP Framework (Default Favicon)",
		"method": "faviconhash",
		"location": "body",
		"keyword": ["-1298108480"]
	}, {
		"cms": "truVision NVR (interlogix)",
		"method": "faviconhash",
		"location": "body",
		"keyword": ["1782271534"]
	}, {
		"cms": "Redmine",
		"method": "faviconhash",
		"location": "body",
		"keyword": ["603314"]
	}, {
		"cms": "phpMyAdmin",
		"method": "faviconhash",
		"location": "body",
		"keyword": ["-476231906"]
	}, {
		"cms": "Cisco (eg:Conference Room Login Page)",
		"method": "faviconhash",
		"location": "body",
		"keyword": ["-646322113"]
	}, {
		"cms": "Jetty 404",
		"method": "faviconhash",
		"location": "body",
		"keyword": ["-629047854"]
	}, {
		"cms": "Luma Surveillance",
		"method": "faviconhash",
		"location": "body",
		"keyword": ["-1351901211"]
	}, {
		"cms": "Parallels Plesk Panel",
		"method": "faviconhash",
		"location": "body",
		"keyword": ["-519765377"]
	}, {
		"cms": "HP Printer / Server",
		"method": "faviconhash",
		"location": "body",
		"keyword": ["-2144363468"]
	}, {
		"cms": "Metasploit",
		"method": "faviconhash",
		"location": "body",
		"keyword": ["-127886975"]
	}, {
		"cms": "Metasploit",
		"method": "faviconhash",
		"location": "body",
		"keyword": ["1139788073"]
	}, {
		"cms": "Metasploit",
		"method": "faviconhash",
		"location": "body",
		"keyword": ["-1235192469"]
	}, {
		"cms": "ALIBI NVR",
		"method": "faviconhash",
		"location": "body",
		"keyword": ["1876585825"]
	}, {
		"cms": "Sangfor",
		"method": "faviconhash",
		"location": "body",
		"keyword": ["-1810847295"]
	}, {
		"cms": "Websockets test page (eg: port 5900)",
		"method": "faviconhash",
		"location": "body",
		"keyword": ["-291579889"]
	}, {
		"cms": "macOS Server (Apple)",
		"method": "faviconhash",
		"location": "body",
		"keyword": ["1629518721"]
	}, {
		"cms": "OpenRG",
		"method": "faviconhash",
		"location": "body",
		"keyword": ["-986816620"]
	}, {
		"cms": "Cisco Router",
		"method": "faviconhash",
		"location": "body",
		"keyword": ["-299287097"]
	}, {
		"cms": "Sangfor",
		"method": "faviconhash",
		"location": "body",
		"keyword": ["-1926484046"]
	}, {
		"cms": "HeroSpeed Digital Technology Co. (NVR/IPC/XVR)",
		"method": "faviconhash",
		"location": "body",
		"keyword": ["-873627015"]
	}, {
		"cms": "Nomadix Access Gateway",
		"method": "faviconhash",
		"location": "body",
		"keyword": ["2071993228"]
	}, {
		"cms": "Gitlab",
		"method": "faviconhash",
		"location": "body",
		"keyword": ["516963061"]
	}, {
		"cms": "Magento",
		"method": "faviconhash",
		"location": "body",
		"keyword": ["-38580010"]
	}, {
		"cms": "MK-AUTH",
		"method": "faviconhash",
		"location": "body",
		"keyword": ["1490343308"]
	}, {
		"cms": "Shoutcast Server",
		"method": "faviconhash",
		"location": "body",
		"keyword": ["-632583950"]
	}, {
		"cms": "FireEye",
		"method": "faviconhash",
		"location": "body",
		"keyword": ["95271369"]
	}, {
		"cms": "FireEye",
		"method": "faviconhash",
		"location": "body",
		"keyword": ["1476335317"]
	}, {
		"cms": "FireEye",
		"method": "faviconhash",
		"location": "body",
		"keyword": ["-842192932"]
	}, {
		"cms": "FireEye",
		"method": "faviconhash",
		"location": "body",
		"keyword": ["105083909"]
	}, {
		"cms": "FireEye",
		"method": "faviconhash",
		"location": "body",
		"keyword": ["240606739"]
	}, {
		"cms": "FireEye",
		"method": "faviconhash",
		"location": "body",
		"keyword": ["2121539357"]
	}, {
		"cms": "Adobe Campaign Classic",
		"method": "faviconhash",
		"location": "body",
		"keyword": ["-333791179"]
	}, {
		"cms": "XAMPP",
		"method": "faviconhash",
		"location": "body",
		"keyword": ["-1437701105"]
	}, {
		"cms": "Niagara Web Server",
		"method": "faviconhash",
		"location": "body",
		"keyword": ["-676077969"]
	}, {
		"cms": "Technicolor",
		"method": "faviconhash",
		"location": "body",
		"keyword": ["-2138771289"]
	}, {
		"cms": "Hitron Technologies Inc.",
		"method": "faviconhash",
		"location": "body",
		"keyword": ["711742418"]
	}, {
		"cms": "IBM Notes",
		"method": "faviconhash",
		"location": "body",
		"keyword": ["728788645"]
	}, {
		"cms": "Barracuda",
		"method": "faviconhash",
		"location": "body",
		"keyword": ["1436966696"]
	}, {
		"cms": "ServiceNow",
		"method": "faviconhash",
		"location": "body",
		"keyword": ["86919334"]
	}, {
		"cms": "Openfire Admin Console",
		"method": "faviconhash",
		"location": "body",
		"keyword": ["1211608009"]
	}, {
		"cms": "HP iLO",
		"method": "faviconhash",
		"location": "body",
		"keyword": ["2059618623"]
	}, {
		"cms": "Sunny WebBox",
		"method": "faviconhash",
		"location": "body",
		"keyword": ["1975413433"]
	}, {
		"cms": "ZyXEL",
		"method": "faviconhash",
		"location": "body",
		"keyword": ["943925975"]
	}, {
		"cms": "Huawei",
		"method": "faviconhash",
		"location": "body",
		"keyword": ["281559989"]
	}, {
		"cms": "Tenda Web Master",
		"method": "faviconhash",
		"location": "body",
		"keyword": ["-2145085239"]
	}, {
		"cms": "Prometheus Time Series Collection and Processing Server",
		"method": "faviconhash",
		"location": "body",
		"keyword": ["-1399433489"]
	}, {
		"cms": "wdCP 云主机面板",
		"method": "faviconhash",
		"location": "body",
		"keyword": ["1786752597"]
	}, {
		"cms": "Domoticz (Home Automation)",
		"method": "faviconhash",
		"location": "body",
		"keyword": ["90680708"]
	}, {
		"cms": "Tableau",
		"method": "faviconhash",
		"location": "body",
		"keyword": ["-1441956789"]
	}, {
		"cms": "openWRT Luci",
		"method": "faviconhash",
		"location": "body",
		"keyword": ["-675839242"]
	}, {
		"cms": "Ubiquiti – AirOS",
		"method": "faviconhash",
		"location": "body",
		"keyword": ["1020814938"]
	}, {
		"cms": "MDaemon Webmail",
		"method": "faviconhash",
		"location": "body",
		"keyword": ["-766957661"]
	}, {
		"cms": "Teltonika",
		"method": "faviconhash",
		"location": "body",
		"keyword": ["119741608"]
	}, {
		"cms": "Entrolink",
		"method": "faviconhash",
		"location": "body",
		"keyword": ["1973665246"]
	}, {
		"cms": "WindRiver-WebServer",
		"method": "faviconhash",
		"location": "body",
		"keyword": ["74935566"]
	}, {
		"cms": "Microhard Systems",
		"method": "faviconhash",
		"location": "body",
		"keyword": ["-1723752240"]
	}, {
		"cms": "Skype",
		"method": "faviconhash",
		"location": "body",
		"keyword": ["-1807411396"]
	}, {
		"cms": "Teltonika",
		"method": "faviconhash",
		"location": "body",
		"keyword": ["-1612496354"]
	}, {
		"cms": "Eltex (Router)",
		"method": "faviconhash",
		"location": "body",
		"keyword": ["1877797890"]
	}, {
		"cms": "bintec elmeg",
		"method": "faviconhash",
		"location": "body",
		"keyword": ["-375623619"]
	}, {
		"cms": "SyncThru Web Service (Printers)",
		"method": "faviconhash",
		"location": "body",
		"keyword": ["1483097076"]
	}, {
		"cms": "BoaServer",
		"method": "faviconhash",
		"location": "body",
		"keyword": ["1169183049"]
	}, {
		"cms": "Securepoint",
		"method": "faviconhash",
		"location": "body",
		"keyword": ["1051648103"]
	}, {
		"cms": "Moodle",
		"method": "faviconhash",
		"location": "body",
		"keyword": ["-438482901"]
	}, {
		"cms": "RADIX",
		"method": "faviconhash",
		"location": "body",
		"keyword": ["-1492966240"]
	}, {
		"cms": "CradlePoint Technology (Router)",
		"method": "faviconhash",
		"location": "body",
		"keyword": ["1466912879"]
	}, {
		"cms": "Drupal",
		"method": "faviconhash",
		"location": "body",
		"keyword": ["-167656799"]
	}, {
		"cms": "Blackboard",
		"method": "faviconhash",
		"location": "body",
		"keyword": ["-1593651747"]
	}, {
		"cms": "Jupyter Notebook",
		"method": "faviconhash",
		"location": "body",
		"keyword": ["-895963602"]
	}, {
		"cms": "HostMonster - Web hosting",
		"method": "faviconhash",
		"location": "body",
		"keyword": ["-972810761"]
	}, {
		"cms": "D-Link (router/network)",
		"method": "faviconhash",
		"location": "body",
		"keyword": ["1703788174"]
	}, {
		"cms": "Rocket Chat",
		"method": "faviconhash",
		"location": "body",
		"keyword": ["225632504"]
	}, {
		"cms": "mofinetwork",
		"method": "faviconhash",
		"location": "body",
		"keyword": ["-1702393021"]
	}, {
		"cms": "Zabbix",
		"method": "faviconhash",
		"location": "body",
		"keyword": ["892542951"]
	}, {
		"cms": "TOTOLINK (network)",
		"method": "faviconhash",
		"location": "body",
		"keyword": ["547474373"]
	}, {
		"cms": "Ossia (Provision SR) | Webcam/IP Camera",
		"method": "faviconhash",
		"location": "body",
		"keyword": ["-374235895"]
	}, {
		"cms": "cPanel Login",
		"method": "faviconhash",
		"location": "body",
		"keyword": ["1544230796"]
	}, {
		"cms": "D-Link (router/network)",
		"method": "faviconhash",
		"location": "body",
		"keyword": ["517158172"]
	}, {
		"cms": "Jeedom (home automation)",
		"method": "faviconhash",
		"location": "body",
		"keyword": ["462223993"]
	}, {
		"cms": "JBoss Application Server 7",
		"method": "faviconhash",
		"location": "body",
		"keyword": ["937999361"]
	}, {
		"cms": "Niagara Web Server / Tridium",
		"method": "faviconhash",
		"location": "body",
		"keyword": ["1991562061"]
	}, {
		"cms": "Solarwinds Serv-U FTP Server",
		"method": "faviconhash",
		"location": "body",
		"keyword": ["812385209"]
	}, {
		"cms": "Aruba (Virtual Controller)",
		"method": "faviconhash",
		"location": "body",
		"keyword": ["1142227528"]
	}, {
		"cms": "Dell",
		"method": "faviconhash",
		"location": "body",
		"keyword": ["-1153950306"]
	}, {
		"cms": "RemObjects SDK / Remoting SDK for .NET HTTP Server Microsoft",
		"method": "faviconhash",
		"location": "body",
		"keyword": ["72005642"]
	}, {
		"cms": "Zyxel ZyWALL",
		"method": "faviconhash",
		"location": "body",
		"keyword": ["-484708885"]
	}, {
		"cms": "VisualSVN Server",
		"method": "faviconhash",
		"location": "body",
		"keyword": ["706602230"]
	}, {
		"cms": "Jboss",
		"method": "faviconhash",
		"location": "body",
		"keyword": ["-656811182"]
	}, {
		"cms": "STARFACE VoIP Software",
		"method": "faviconhash",
		"location": "body",
		"keyword": ["-332324409"]
	}, {
		"cms": "Netis (network devices)",
		"method": "faviconhash",
		"location": "body",
		"keyword": ["-594256627"]
	}, {
		"cms": "WHM",
		"method": "faviconhash",
		"location": "body",
		"keyword": ["-649378830"]
	}, {
		"cms": "Tandberg",
		"method": "faviconhash",
		"location": "body",
		"keyword": ["97604680"]
	}, {
		"cms": "Ghost (CMS)",
		"method": "faviconhash",
		"location": "body",
		"keyword": ["-1015932800"]
	}, {
		"cms": "Avtech IP Surveillance (Camera)",
		"method": "faviconhash",
		"location": "body",
		"keyword": ["-194439630"]
	}, {
		"cms": "Liferay Portal",
		"method": "faviconhash",
		"location": "body",
		"keyword": ["129457226"]
	}, {
		"cms": "Parallels Plesk Panel",
		"method": "faviconhash",
		"location": "body",
		"keyword": ["-771764544"]
	}, {
		"cms": "Odoo",
		"method": "faviconhash",
		"location": "body",
		"keyword": ["-617743584"]
	}, {
		"cms": "Polycom",
		"method": "faviconhash",
		"location": "body",
		"keyword": ["77044418"]
	}, {
		"cms": "Cake PHP",
		"method": "faviconhash",
		"location": "body",
		"keyword": ["980692677"]
	}, {
		"cms": "Exacq",
		"method": "faviconhash",
		"location": "body",
		"keyword": ["476213314"]
	}, {
		"cms": "CheckPoint",
		"method": "faviconhash",
		"location": "body",
		"keyword": ["794809961"]
	}, {
		"cms": "Ubiquiti UNMS",
		"method": "faviconhash",
		"location": "body",
		"keyword": ["1157789622"]
	}, {
		"cms": "cPanel Login",
		"method": "faviconhash",
		"location": "body",
		"keyword": ["1244636413"]
	}, {
		"cms": "WorldClient for Mdaemon",
		"method": "faviconhash",
		"location": "body",
		"keyword": ["1985721423"]
	}, {
		"cms": "Netport Software (DSL)",
		"method": "faviconhash",
		"location": "body",
		"keyword": ["-1124868062"]
	}, {
		"cms": "f5 Big IP",
		"method": "faviconhash",
		"location": "body",
		"keyword": ["-335242539"]
	}, {
		"cms": "Mailcow",
		"method": "faviconhash",
		"location": "body",
		"keyword": ["2146763496"]
	}, {
		"cms": "QNAP NAS Virtualization Station",
		"method": "faviconhash",
		"location": "body",
		"keyword": ["-1041180225"]
	}, {
		"cms": "Netgear",
		"method": "faviconhash",
		"location": "body",
		"keyword": ["-1319025408"]
	}, {
		"cms": "Gogs",
		"method": "faviconhash",
		"location": "body",
		"keyword": ["917966895"]
	}, {
		"cms": "Trendnet IP camera",
		"method": "faviconhash",
		"location": "body",
		"keyword": ["512590457"]
	}, {
		"cms": "Asustor",
		"method": "faviconhash",
		"location": "body",
		"keyword": ["1678170702"]
	}, {
		"cms": "Dahua",
		"method": "faviconhash",
		"location": "body",
		"keyword": ["-1466785234"]
	}, {
		"cms": "Discuz!",
		"method": "faviconhash",
		"location": "body",
		"keyword": ["-505448917"]
	},{
		"cms": "Discuz!",
		"method": "keyword",
		"location": "body",
		"keyword": ["Discuz!","Comsenz","cache/"]
	}, {
		"cms": "wdCP cloud host management system",
		"method": "faviconhash",
		"location": "body",
		"keyword": ["255892555"]
	}, {
		"cms": "Joomla",
		"method": "faviconhash",
		"location": "body",
		"keyword": ["1627330242"]
	}, {
		"cms": "SmarterMail",
		"method": "faviconhash",
		"location": "body",
		"keyword": ["-1935525788"]
	}, {
		"cms": "Seafile",
		"method": "faviconhash",
		"location": "body",
		"keyword": ["-12700016"]
	}, {
		"cms": "bintec elmeg",
		"method": "faviconhash",
		"location": "body",
		"keyword": ["1770799630"]
	}, {
		"cms": "NETGEAR ReadyNAS",
		"method": "faviconhash",
		"location": "body",
		"keyword": ["-137295400"]
	}, {
		"cms": "iPECS",
		"method": "faviconhash",
		"location": "body",
		"keyword": ["-195508437"]
	}, {
		"cms": "bet365",
		"method": "faviconhash",
		"location": "body",
		"keyword": ["-2116540786"]
	}, {
		"cms": "Reolink",
		"method": "faviconhash",
		"location": "body",
		"keyword": ["-38705358"]
	}, {
		"cms": "idera",
		"method": "faviconhash",
		"location": "body",
		"keyword": ["-450254253"]
	}, {
		"cms": "Proofpoint",
		"method": "faviconhash",
		"location": "body",
		"keyword": ["-1630354993"]
	}, {
		"cms": "Kerio Connect WebMail",
		"method": "faviconhash",
		"location": "body",
		"keyword": ["-1678298769"]
	}, {
		"cms": "WorldClient for Mdaemon",
		"method": "faviconhash",
		"location": "body",
		"keyword": ["-35107086"]
	}, {
		"cms": "Realtek",
		"method": "faviconhash",
		"location": "body",
		"keyword": ["2055322029"]
	}, {
		"cms": "Ruijie Networks (Login)",
		"method": "faviconhash",
		"location": "body",
		"keyword": ["-692947551"]
	}, {
		"cms": "Askey Cable Modem",
		"method": "faviconhash",
		"location": "body",
		"keyword": ["-1710631084"]
	}, {
		"cms": "Askey Cable Modem",
		"method": "faviconhash",
		"location": "body",
		"keyword": ["89321398"]
	}, {
		"cms": "JAWS Web Server (IP Camera)",
		"method": "faviconhash",
		"location": "body",
		"keyword": ["90066852"]
	}, {
		"cms": "JAWS Web Server (IP Camera)",
		"method": "faviconhash",
		"location": "body",
		"keyword": ["768231242"]
	}, {
		"cms": "Homegrown Website Hosting",
		"method": "faviconhash",
		"location": "body",
		"keyword": ["-421986013"]
	}, {
		"cms": "Technicolor / Thomson Speedtouch (Network / ADSL)",
		"method": "faviconhash",
		"location": "body",
		"keyword": ["156312019"]
	}, {
		"cms": "DVR (Korean)",
		"method": "faviconhash",
		"location": "body",
		"keyword": ["-560297467"]
	}, {
		"cms": "Joomla",
		"method": "faviconhash",
		"location": "body",
		"keyword": ["-1950415971"]
	}, {
		"cms": "TP-LINK (Network Device)",
		"method": "faviconhash",
		"location": "body",
		"keyword": ["1842351293"]
	}, {
		"cms": "Salesforce",
		"method": "faviconhash",
		"location": "body",
		"keyword": ["1433417005"]
	}, {
		"cms": "Apache Haus",
		"method": "faviconhash",
		"location": "body",
		"keyword": ["-632070065"]
	}, {
		"cms": "Untangle",
		"method": "faviconhash",
		"location": "body",
		"keyword": ["1103599349"]
	}, {
		"cms": "Shenzhen coship electronics co.",
		"method": "faviconhash",
		"location": "body",
		"keyword": ["224536051"]
	}, {
		"cms": "D-Link (router/network)",
		"method": "faviconhash",
		"location": "body",
		"keyword": ["1038500535"]
	}, {
		"cms": "D-Link (camera)",
		"method": "faviconhash",
		"location": "body",
		"keyword": ["-355305208"]
	}, {
		"cms": "Kibana",
		"method": "faviconhash",
		"location": "body",
		"keyword": ["-267431135"]
	}, {
		"cms": "Kibana",
		"method": "faviconhash",
		"location": "body",
		"keyword": ["-759754862"]
	}, {
		"cms": "Kibana",
		"method": "faviconhash",
		"location": "body",
		"keyword": ["-1200737715"]
	}, {
		"cms": "Kibana",
		"method": "faviconhash",
		"location": "body",
		"keyword": ["75230260"]
	}, {
		"cms": "Kibana",
		"method": "faviconhash",
		"location": "body",
		"keyword": ["1668183286"]
	}, {
		"cms": "Intelbras SA",
		"method": "faviconhash",
		"location": "body",
		"keyword": ["283740897"]
	}, {
		"cms": "Icecast Streaming Media Server",
		"method": "faviconhash",
		"location": "body",
		"keyword": ["1424295654"]
	}, {
		"cms": "NEC WebPro",
		"method": "faviconhash",
		"location": "body",
		"keyword": ["1922032523"]
	}, {
		"cms": "Vivotek (Camera)",
		"method": "faviconhash",
		"location": "body",
		"keyword": ["-1654229048"]
	}, {
		"cms": "Microsoft IIS",
		"method": "faviconhash",
		"location": "body",
		"keyword": ["-1414475558"]
	}, {
		"cms": "Univention Portal",
		"method": "faviconhash",
		"location": "body",
		"keyword": ["-1697334194"]
	}, {
		"cms": "Portainer (Docker Management)",
		"method": "faviconhash",
		"location": "body",
		"keyword": ["-1424036600"]
	}, {
		"cms": "NOS Router",
		"method": "faviconhash",
		"location": "body",
		"keyword": ["-831826827"]
	}, {
		"cms": "Tongda",
		"method": "faviconhash",
		"location": "body",
		"keyword": ["-759108386"]
	}, {
		"cms": "CrushFTP",
		"method": "faviconhash",
		"location": "body",
		"keyword": ["-1022206565"]
	}, {
		"cms": "Endian Firewall",
		"method": "faviconhash",
		"location": "body",
		"keyword": ["-1225484776"]
	}, {
		"cms": "Kerio Control Firewall",
		"method": "faviconhash",
		"location": "body",
		"keyword": ["-631002664"]
	}, {
		"cms": "Ferozo Panel",
		"method": "faviconhash",
		"location": "body",
		"keyword": ["2072198544"]
	}, {
		"cms": "Kerio Control Firewall",
		"method": "faviconhash",
		"location": "body",
		"keyword": ["-466504476"]
	}, {
		"cms": "Cafe24 (Korea)",
		"method": "faviconhash",
		"location": "body",
		"keyword": ["1251810433"]
	}, {
		"cms": "Mautic (Open Source Marketing Automation)",
		"method": "faviconhash",
		"location": "body",
		"keyword": ["1273982002"]
	}, {
		"cms": "NETIASPOT (Network)",
		"method": "faviconhash",
		"location": "body",
		"keyword": ["-978656757"]
	}, {
		"cms": "Multilaser",
		"method": "faviconhash",
		"location": "body",
		"keyword": ["916642917"]
	}, {
		"cms": "Canvas LMS (Learning Management)",
		"method": "faviconhash",
		"location": "body",
		"keyword": ["575613323"]
	}, {
		"cms": "IBM Server",
		"method": "faviconhash",
		"location": "body",
		"keyword": ["1726027799"]
	}, {
		"cms": "ADB Broadband S.p.A. (Network)",
		"method": "faviconhash",
		"location": "body",
		"keyword": ["-587741716"]
	}, {
		"cms": "ARRIS (Network)",
		"method": "faviconhash",
		"location": "body",
		"keyword": ["-360566773"]
	}, {
		"cms": "Huawei (Network)",
		"method": "faviconhash",
		"location": "body",
		"keyword": ["-884776764"]
	}, {
		"cms": "WAMPSERVER",
		"method": "faviconhash",
		"location": "body",
		"keyword": ["929825723"]
	}, {
		"cms": "Seagate Technology (NAS)",
		"method": "faviconhash",
		"location": "body",
		"keyword": ["240136437"]
	}, {
		"cms": "UPC Ceska Republica (Network)",
		"method": "faviconhash",
		"location": "body",
		"keyword": ["1911253822"]
	}, {
		"cms": "Flussonic (Video Streaming)",
		"method": "faviconhash",
		"location": "body",
		"keyword": ["-393788031"]
	}, {
		"cms": "Joomla",
		"method": "faviconhash",
		"location": "body",
		"keyword": ["366524387"]
	}, {
		"cms": "WAMPSERVER",
		"method": "faviconhash",
		"location": "body",
		"keyword": ["443944613"]
	}, {
		"cms": "Metabase",
		"method": "faviconhash",
		"location": "body",
		"keyword": ["1953726032"]
	}, {
		"cms": "D-Link (Network)",
		"method": "faviconhash",
		"location": "body",
		"keyword": ["-2031183903"]
	}, {
		"cms": "MobileIron",
		"method": "faviconhash",
		"location": "body",
		"keyword": ["545827989"]
	}, {
		"cms": "MobileIron",
		"method": "faviconhash",
		"location": "body",
		"keyword": ["967636089"]
	}, {
		"cms": "MobileIron",
		"method": "faviconhash",
		"location": "body",
		"keyword": ["362091310"]
	}, {
		"cms": "MobileIron",
		"method": "faviconhash",
		"location": "body",
		"keyword": ["2086228042"]
	}, {
		"cms": "CommuniGate",
		"method": "faviconhash",
		"location": "body",
		"keyword": ["-1588746893"]
	}, {
		"cms": "ZTE (Network)",
		"method": "faviconhash",
		"location": "body",
		"keyword": ["1427976651"]
	}, {
		"cms": "InfiNet Wireless | WANFleX (Network)",
		"method": "faviconhash",
		"location": "body",
		"keyword": ["1648531157"]
	}, {
		"cms": "Mersive Solstice",
		"method": "faviconhash",
		"location": "body",
		"keyword": ["938616453"]
	}, {
		"cms": "Université Toulouse 1 Capitole",
		"method": "faviconhash",
		"location": "body",
		"keyword": ["1632780968"]
	}, {
		"cms": "Digium (Switchvox)",
		"method": "faviconhash",
		"location": "body",
		"keyword": ["2068154487"]
	}, {
		"cms": "PowerMTA monitoring",
		"method": "faviconhash",
		"location": "body",
		"keyword": ["-1788112745"]
	}, {
		"cms": "SmartLAN/G",
		"method": "faviconhash",
		"location": "body",
		"keyword": ["-644617577"]
	}, {
		"cms": "Checkpoint (Gaia)",
		"method": "faviconhash",
		"location": "body",
		"keyword": ["-1822098181"]
	}, {
		"cms": "УТМ (Federal Service for Alcohol Market Regulation | Russia)",
		"method": "faviconhash",
		"location": "body",
		"keyword": ["-1131689409"]
	}, {
		"cms": "MailWizz",
		"method": "faviconhash",
		"location": "body",
		"keyword": ["2127152956"]
	}, {
		"cms": "RabbitMQ",
		"method": "faviconhash",
		"location": "body",
		"keyword": ["1064742722"]
	}, {
		"cms": "openmediavault (NAS)",
		"method": "faviconhash",
		"location": "body",
		"keyword": ["-693082538"]
	}, {
		"cms": "openWRT Luci",
		"method": "faviconhash",
		"location": "body",
		"keyword": ["1941381095"]
	}, {
		"cms": "Honeywell",
		"method": "faviconhash",
		"location": "body",
		"keyword": ["903086190"]
	}, {
		"cms": "BOMGAR Support Portal",
		"method": "faviconhash",
		"location": "body",
		"keyword": ["829321644"]
	}, {
		"cms": "Nuxt JS",
		"method": "faviconhash",
		"location": "body",
		"keyword": ["-1442789563"]
	}, {
		"cms": "RoundCube Webmail",
		"method": "faviconhash",
		"location": "body",
		"keyword": ["-2140379067"]
	}, {
		"cms": "D-Link (camera)",
		"method": "faviconhash",
		"location": "body",
		"keyword": ["-1897829998"]
	}, {
		"cms": "Netgear (Network)",
		"method": "faviconhash",
		"location": "body",
		"keyword": ["1047213685"]
	}, {
		"cms": "SonarQube",
		"method": "faviconhash",
		"location": "body",
		"keyword": ["1485257654"]
	}, {
		"cms": "Lupus Electronics XT",
		"method": "faviconhash",
		"location": "body",
		"keyword": ["-299324825"]
	}, {
		"cms": "Vanderbilt SPC",
		"method": "faviconhash",
		"location": "body",
		"keyword": ["-1162730477"]
	}, {
		"cms": "VZPP Plesk",
		"method": "faviconhash",
		"location": "body",
		"keyword": ["-1268095485"]
	}, {
		"cms": "Baidu",
		"method": "faviconhash",
		"location": "body",
		"keyword": ["1118684072"]
	}, {
		"cms": "ownCloud",
		"method": "faviconhash",
		"location": "body",
		"keyword": ["-1616115760"]
	}, {
		"cms": "Sentora",
		"method": "faviconhash",
		"location": "body",
		"keyword": ["-2054889066"]
	}, {
		"cms": "Alfresco",
		"method": "faviconhash",
		"location": "body",
		"keyword": ["1333537166"]
	}, {
		"cms": "Digital Keystone (DK)",
		"method": "faviconhash",
		"location": "body",
		"keyword": ["-373674173"]
	}, {
		"cms": "WISPR (Airlan)",
		"method": "faviconhash",
		"location": "body",
		"keyword": ["-106646451"]
	}, {
		"cms": "Synology VPN Plus",
		"method": "faviconhash",
		"location": "body",
		"keyword": ["1235070469"]
	}, {
		"cms": "Sentry",
		"method": "faviconhash",
		"location": "body",
		"keyword": ["2063428236"]
	}, {
		"cms": "WatchGuard",
		"method": "faviconhash",
		"location": "body",
		"keyword": ["15831193"]
	}, {
		"cms": "Web Client Pro",
		"method": "faviconhash",
		"location": "body",
		"keyword": ["-956471263"]
	}, {
		"cms": "Tecvoz",
		"method": "faviconhash",
		"location": "body",
		"keyword": ["-1452159623"]
	}, {
		"cms": "MDaemon Remote Administration",
		"method": "faviconhash",
		"location": "body",
		"keyword": ["99432374"]
	}, {
		"cms": "Paradox IP Module",
		"method": "faviconhash",
		"location": "body",
		"keyword": ["727253975"]
	}, {
		"cms": "DokuWiki",
		"method": "faviconhash",
		"location": "body",
		"keyword": ["-630493013"]
	}, {
		"cms": "Sails",
		"method": "faviconhash",
		"location": "body",
		"keyword": ["552597979"]
	}, {
		"cms": "FastPanel Hosting",
		"method": "faviconhash",
		"location": "body",
		"keyword": ["774252049"]
	}, {
		"cms": "C-Lodop",
		"method": "faviconhash",
		"location": "body",
		"keyword": ["-329747115"]
	}, {
		"cms": "Jamf Pro Login",
		"method": "faviconhash",
		"location": "body",
		"keyword": ["1262005940"]
	}, {
		"cms": "StruxureWare (Schneider Electric)",
		"method": "faviconhash",
		"location": "body",
		"keyword": ["979634648"]
	}, {
		"cms": "Axcient Replibit Management Server",
		"method": "faviconhash",
		"location": "body",
		"keyword": ["475379699"]
	}, {
		"cms": "Twonky Server (Media Streaming)",
		"method": "faviconhash",
		"location": "body",
		"keyword": ["-878891718"]
	}, {
		"cms": "Windows Azure",
		"method": "faviconhash",
		"location": "body",
		"keyword": ["-2125083197"]
	}, {
		"cms": "ISP Manager (Web Hosting Panel)",
		"method": "faviconhash",
		"location": "body",
		"keyword": ["-1151675028"]
	}, {
		"cms": "JupyterHub",
		"method": "faviconhash",
		"location": "body",
		"keyword": ["1248917303"]
	}, {
		"cms": "CenturyLink Modem GUI Login (eg: Technicolor)",
		"method": "faviconhash",
		"location": "body",
		"keyword": ["-1908556829"]
	}, {
		"cms": "Tecvoz",
		"method": "faviconhash",
		"location": "body",
		"keyword": ["1059329877"]
	}, {
		"cms": "OPNsense",
		"method": "faviconhash",
		"location": "body",
		"keyword": ["-1148190371"]
	}, {
		"cms": "Ligowave (network)",
		"method": "faviconhash",
		"location": "body",
		"keyword": ["1467395679"]
	}, {
		"cms": "Rumpus",
		"method": "faviconhash",
		"location": "body",
		"keyword": ["-1528414776"]
	}, {
		"cms": "Spiceworks (panel)",
		"method": "faviconhash",
		"location": "body",
		"keyword": ["-2117390767"]
	}, {
		"cms": "TeamCity",
		"method": "faviconhash",
		"location": "body",
		"keyword": ["-1944119648"]
	}, {
		"cms": "INSTAR Full-HD IP-Camera",
		"method": "faviconhash",
		"location": "body",
		"keyword": ["-1748763891"]
	}, {
		"cms": "GPON Home Gateway",
		"method": "faviconhash",
		"location": "body",
		"keyword": ["251106693"]
	}, {
		"cms": "Alienvault",
		"method": "faviconhash",
		"location": "body",
		"keyword": ["-1779611449"]
	}, {
		"cms": "Arbor Networks",
		"method": "faviconhash",
		"location": "body",
		"keyword": ["-1745552996"]
	}, {
		"cms": "Accrisoft",
		"method": "faviconhash",
		"location": "body",
		"keyword": ["-1275148624"]
	}, {
		"cms": "Yasni",
		"method": "faviconhash",
		"location": "body",
		"keyword": ["-178685903"]
	}, {
		"cms": "Slack",
		"method": "faviconhash",
		"location": "body",
		"keyword": ["-43161126"]
	}, {
		"cms": "innovaphone",
		"method": "faviconhash",
		"location": "body",
		"keyword": ["671221099"]
	}, {
		"cms": "Shinobi (CCTV)",
		"method": "faviconhash",
		"location": "body",
		"keyword": ["-10974981"]
	}, {
		"cms": "TP-LINK (Network Device)",
		"method": "faviconhash",
		"location": "body",
		"keyword": ["1274078387"]
	}, {
		"cms": "Siemens OZW772",
		"method": "faviconhash",
		"location": "body",
		"keyword": ["-336242473"]
	}, {
		"cms": "Lantronix (Spider)",
		"method": "faviconhash",
		"location": "body",
		"keyword": ["882208493"]
	}, {
		"cms": "ClaimTime (Ramsell Public Health & Safety)",
		"method": "faviconhash",
		"location": "body",
		"keyword": ["-687783882"]
	}, {
		"cms": "Surfilter SSL VPN Portal",
		"method": "faviconhash",
		"location": "body",
		"keyword": ["-590892202"]
	}, {
		"cms": "Kyocera (Printer)",
		"method": "faviconhash",
		"location": "body",
		"keyword": ["-50306417"]
	}, {
		"cms": "Lucee!",
		"method": "faviconhash",
		"location": "body",
		"keyword": ["784872924"]
	}, {
		"cms": "Ricoh",
		"method": "faviconhash",
		"location": "body",
		"keyword": ["1135165421"]
	}, {
		"cms": "Handle Proxy",
		"method": "faviconhash",
		"location": "body",
		"keyword": ["926501571"]
	}, {
		"cms": "Metasploit",
		"method": "faviconhash",
		"location": "body",
		"keyword": ["579239725"]
	}, {
		"cms": "iomega NAS",
		"method": "faviconhash",
		"location": "body",
		"keyword": ["-689902428"]
	}, {
		"cms": "iomega NAS",
		"method": "faviconhash",
		"location": "body",
		"keyword": ["-600508822"]
	}, {
		"cms": "iomega NAS",
		"method": "faviconhash",
		"location": "body",
		"keyword": ["656868270"]
	}, {
		"cms": "iomega NAS",
		"method": "faviconhash",
		"location": "body",
		"keyword": ["-2056503929"]
	}, {
		"cms": "iomega NAS",
		"method": "faviconhash",
		"location": "body",
		"keyword": ["-1656695885"]
	}, {
		"cms": "iomega NAS",
		"method": "faviconhash",
		"location": "body",
		"keyword": ["331870709"]
	}, {
		"cms": "iomega NAS",
		"method": "faviconhash",
		"location": "body",
		"keyword": ["1241049726"]
	}, {
		"cms": "iomega NAS",
		"method": "faviconhash",
		"location": "body",
		"keyword": ["998138196"]
	}, {
		"cms": "iomega NAS",
		"method": "faviconhash",
		"location": "body",
		"keyword": ["322531336"]
	}, {
		"cms": "iomega NAS",
		"method": "faviconhash",
		"location": "body",
		"keyword": ["-401934945"]
	}, {
		"cms": "iomega NAS",
		"method": "faviconhash",
		"location": "body",
		"keyword": ["-613216179"]
	}, {
		"cms": "Chef Automate",
		"method": "faviconhash",
		"location": "body",
		"keyword": ["-276759139"]
	}, {
		"cms": "Gargoyle Router Management Utility",
		"method": "faviconhash",
		"location": "body",
		"keyword": ["1862132268"]
	}, {
		"cms": "KeepItSafe Management Console",
		"method": "faviconhash",
		"location": "body",
		"keyword": ["-1738727418"]
	}, {
		"cms": "Entronix Energy Management Platform",
		"method": "faviconhash",
		"location": "body",
		"keyword": ["-368490461"]
	}, {
		"cms": "OpenProject",
		"method": "faviconhash",
		"location": "body",
		"keyword": ["1836828108"]
	}, {
		"cms": "Unified Management Console (Polycom)",
		"method": "faviconhash",
		"location": "body",
		"keyword": ["-1775553655"]
	}, {
		"cms": "Moxapass ioLogik Remote Ethernet I/O Server ",
		"method": "faviconhash",
		"location": "body",
		"keyword": ["381100274"]
	}, {
		"cms": "HFS (HTTP File Server)",
		"method": "faviconhash",
		"location": "body",
		"keyword": ["2124459909"]
	}, {
		"cms": "HFS (HTTP File Server)",
		"method": "faviconhash",
		"location": "body",
		"keyword": ["731374291"]
	}, {
		"cms": "Traccar GPS tracking",
		"method": "faviconhash",
		"location": "body",
		"keyword": ["-335153896"]
	}, {
		"cms": "IW",
		"method": "faviconhash",
		"location": "body",
		"keyword": ["896412703"]
	}, {
		"cms": "Wordpress Under Construction Icon",
		"method": "faviconhash",
		"location": "body",
		"keyword": ["191654058"]
	}, {
		"cms": "Combivox",
		"method": "faviconhash",
		"location": "body",
		"keyword": ["-342262483"]
	}, {
		"cms": "NetComWireless (Network)",
		"method": "faviconhash",
		"location": "body",
		"keyword": ["5542029"]
	}, {
		"cms": "Elastic (Database)",
		"method": "faviconhash",
		"location": "body",
		"keyword": ["1552860581"]
	}, {
		"cms": "Drupal",
		"method": "faviconhash",
		"location": "body",
		"keyword": ["1174841451"]
	}, {
		"cms": "truVision (NVR)",
		"method": "faviconhash",
		"location": "body",
		"keyword": ["-1093172228"]
	}, {
		"cms": "SpamExperts",
		"method": "faviconhash",
		"location": "body",
		"keyword": ["-1688698891"]
	}, {
		"cms": "Sonatype Nexus Repository Manager",
		"method": "faviconhash",
		"location": "body",
		"keyword": ["-1546574541"]
	}, {
		"cms": "iDirect Canada (Network Management)",
		"method": "faviconhash",
		"location": "body",
		"keyword": ["-256828986"]
	}, {
		"cms": "OpenERP (now known as Odoo)",
		"method": "faviconhash",
		"location": "body",
		"keyword": ["1966198264"]
	}, {
		"cms": "PKP (OpenJournalSystems) Public Knowledge Project",
		"method": "faviconhash",
		"location": "body",
		"keyword": ["2099342476"]
	}, {
		"cms": "LiquidFiles",
		"method": "faviconhash",
		"location": "body",
		"keyword": ["541087742"]
	}, {
		"cms": "ZyXEL (Network)",
		"method": "faviconhash",
		"location": "body",
		"keyword": ["-882760066"]
	}, {
		"cms": "Universal Devices (UD)",
		"method": "faviconhash",
		"location": "body",
		"keyword": ["16202868"]
	}, {
		"cms": "Huawei (Network)",
		"method": "faviconhash",
		"location": "body",
		"keyword": ["987967490"]
	},{
		"cms": "Gitea",
		"method": "faviconhash",
		"location": "body",
		"keyword": ["1969970750"]
	}, {
		"cms": "TC-Group",
		"method": "faviconhash",
		"location": "body",
		"keyword": ["-1734573358"]
	}, {
		"cms": "Deluge Web UI",
		"method": "faviconhash",
		"location": "body",
		"keyword": ["-1589842876"]
	}, {
		"cms": "AMH 云主机面板",
		"method": "faviconhash",
		"location": "body",
		"keyword": ["1822002133"]
	}, {
		"cms": "OTRS (Open Ticket Request System)",
		"method": "faviconhash",
		"location": "body",
		"keyword": ["-2006308185"]
	}, {
		"cms": "Bosch Security Systems (Camera)",
		"method": "faviconhash",
		"location": "body",
		"keyword": ["-1702769256"]
	}, {
		"cms": "Node-RED",
		"method": "faviconhash",
		"location": "body",
		"keyword": ["321591353"]
	}, {
		"cms": "motionEye (camera)",
		"method": "faviconhash",
		"location": "body",
		"keyword": ["-923693877"]
	}, {
		"cms": "Saia Burgess Controls – PCD",
		"method": "faviconhash",
		"location": "body",
		"keyword": ["-1547576879"]
	}, {
		"cms": "Arcadyan o2 box (Network)",
		"method": "faviconhash",
		"location": "body",
		"keyword": ["1479202414"]
	}, {
		"cms": "D-Link (Network)",
		"method": "faviconhash",
		"location": "body",
		"keyword": ["1081719753"]
	}, {
		"cms": "Abilis (Network/Automation)",
		"method": "faviconhash",
		"location": "body",
		"keyword": ["-166151761"]
	}, {
		"cms": "Ghost (CMS)",
		"method": "faviconhash",
		"location": "body",
		"keyword": ["-1231681737"]
	}, {
		"cms": "Airwatch",
		"method": "faviconhash",
		"location": "body",
		"keyword": ["321909464"]
	}, {
		"cms": "Airwatch",
		"method": "faviconhash",
		"location": "body",
		"keyword": ["-1153873472"]
	}, {
		"cms": "Airwatch",
		"method": "faviconhash",
		"location": "body",
		"keyword": ["1095915848"]
	}, {
		"cms": "Airwatch",
		"method": "faviconhash",
		"location": "body",
		"keyword": ["788771792"]
	}, {
		"cms": "Airwatch",
		"method": "faviconhash",
		"location": "body",
		"keyword": ["-1863663974"]
	}, {
		"cms": "KeyHelp (Keyweb AG)",
		"method": "faviconhash",
		"location": "body",
		"keyword": ["-1267819858"]
	}, {
		"cms": "KeyHelp (Keyweb AG)",
		"method": "faviconhash",
		"location": "body",
		"keyword": ["726817668"]
	}, {
		"cms": "GLPI",
		"method": "faviconhash",
		"location": "body",
		"keyword": ["-1474875778"]
	}, {
		"cms": "Netcom Technology",
		"method": "faviconhash",
		"location": "body",
		"keyword": ["5471989"]
	}, {
		"cms": "CradlePoint",
		"method": "faviconhash",
		"location": "body",
		"keyword": ["-1457536113"]
	}, {
		"cms": "MyASP",
		"method": "faviconhash",
		"location": "body",
		"keyword": ["-736276076"]
	}, {
		"cms": "Intelbras SA",
		"method": "faviconhash",
		"location": "body",
		"keyword": ["-1343070146"]
	}, {
		"cms": "Lenel",
		"method": "faviconhash",
		"location": "body",
		"keyword": ["538585915"]
	}, {
		"cms": "OkoFEN Pellematic",
		"method": "faviconhash",
		"location": "body",
		"keyword": ["-625364318"]
	}, {
		"cms": "SimpleHelp (Remote Support)",
		"method": "faviconhash",
		"location": "body",
		"keyword": ["1117165781"]
	}, {
		"cms": "GraphQL",
		"method": "faviconhash",
		"location": "body",
		"keyword": ["-1067420240"]
	}, {
		"cms": "DNN (CMS)",
		"method": "faviconhash",
		"location": "body",
		"keyword": ["-1465479343"]
	}, {
		"cms": "Apple",
		"method": "faviconhash",
		"location": "body",
		"keyword": ["1232159009"]
	}, {
		"cms": "Apple",
		"method": "faviconhash",
		"location": "body",
		"keyword": ["1382324298"]
	}, {
		"cms": "Apple",
		"method": "faviconhash",
		"location": "body",
		"keyword": ["-1498185948"]
	}, {
		"cms": "ISPConfig",
		"method": "faviconhash",
		"location": "body",
		"keyword": ["483383992"]
	}, {
		"cms": "Microsoft Outlook",
		"method": "faviconhash",
		"location": "body",
		"keyword": ["-1249852061"]
	}, {
		"cms": "Hikvision IP Camera",
		"method": "faviconhash",
		"location": "body",
		"keyword": ["999357577"]
	}, {
		"cms": "IP Camera",
		"method": "faviconhash",
		"location": "body",
		"keyword": ["492290497"]
	}, {
		"cms": "AfterLogicWebMail系统",
		"method": "faviconhash",
		"location": "body",
		"keyword": ["-194791768"]
	}, {
		"cms": "B2Bbuilder",
		"method": "faviconhash",
		"location": "body",
		"keyword": ["492941040"]
	}, {
		"cms": "深信服下一代防火墙管理系统",
		"method": "faviconhash",
		"location": "body",
		"keyword": ["123821839"]
	}, {
		"cms": "深信服WEB防篡改管理系统",
		"method": "keyword",
		"location": "body",
		"keyword": ["WEB防篡改","cgi-bin/tamper_admin.cgi"]
	}, {
		"cms": "YApi 可视化接口管理平台",
		"method": "keyword",
		"location": "body",
		"keyword": ["YApi","id=\"yapi\"","prd","可视化接口管理平台"]
	}, {
		"cms": "JumpServer 堡垒机",
		"method": "faviconhash",
		"location": "body",
		"keyword": ["-1162630024"]
	}, {
		"cms": "WeiPHP",
		"method": "keyword",
		"location": "body",
		"keyword": ["weiphp.css","weiphp","Public/static"]
	}, {
		"cms": "Nagios XI",
		"method": "keyword",
		"location": "body",
		"keyword": ["Nagios XI","nagiosxi","Nagios"]
	}, {
		"cms": "ShowDoc",
		"method": "faviconhash",
		"location": "body",
		"keyword": ["1969934080"]
	}, {
		"cms": "群晖 NAS",
		"method": "keyword",
		"location": "body",
		"keyword": ["DiskStation","webman/modules","NAS"]
	}, {
		"cms": "协达OA",
		"method": "faviconhash",
		"location": "body",
		"keyword": ["-1850889691"]
	}, {
		"cms": "山石网科 防火墙",
		"method": "keyword",
		"location": "body",
		"keyword": ["Hillstone","licenseAggrement","GLOBAL_CONFIG.js"]
	}, {
		"cms": "360天堤新一代智慧防火墙",
		"method": "keyword",
		"location": "body",
		"keyword": ["360天堤","360","360防火墙"]
	}, {
		"cms": "360网神防火墙系统",
		"method": "keyword",
		"location": "body",
		"keyword": ["resources/image/logo_header.png","360","网神防火墙系统"]
	}, {
		"cms": "网神SecGate 3600防火墙",
		"method": "keyword",
		"location": "body",
		"keyword": ["网神SecGate","3600防火墙","css/lsec/login.css"]
	}, {
		"cms": "蓝盾防火墙",
		"method": "keyword",
		"location": "body",
		"keyword": ["蓝盾","Bluedon","default/js/act/login.js"]
	}, {
		"cms": "LanProxy",
		"method": "keyword",
		"location": "body",
		"keyword": ["LanProxy","password","lanproxy-config"]
	}, {
		"cms": "ManageEngine ADManager Plus",
		"method": "keyword",
		"location": "body",
		"keyword": ["ADManager","Hashtable.js","ManageEngine"]
	}, {
		"cms": "phpshe 商城系统",
		"method": "keyword",
		"location": "body",
		"keyword": ["Powered by phpshe","include/js/global.js"]
	}, {
		"cms": "骑士 74CMS",
		"method": "keyword",
		"location": "body",
		"keyword": ["74cms","qscms.root","index.php"]
	}, {
		"cms": "Apache2 Debian 默认页",
		"method": "keyword",
		"location": "body",
		"keyword": ["Apache2 Debian Default","It works!","Debian Logo"]
	}, {
		"cms": "Grafana",
		"method": "keyword",
		"location": "body",
		"keyword": ["Grafana","login","grafana-app"]
	}, {
		"cms": "Canal Admin",
		"method": "keyword",
		"location": "body",
		"keyword": ["Canal Admin","js/app"]
	}, {
		"cms": "IBOS酷办公OA系统",
		"method": "keyword",
		"location": "body",
		"keyword": ["IBOS","login-panel","loginsubmit"]
	}, {
		"cms": "若依(RuoYi)-管理系统",
		"method": "keyword",
		"location": "body",
		"keyword": ["ry-ui","username","rememberme"]
	}, {
		"cms": "中新金盾信息安全管理系统",
		"method": "keyword",
		"location": "body",
		"keyword": ["中新金盾信息安全管理系统","login","useusbkey"]
	}, {
		"cms": "中成科信 综合管理平台",
		"method": "faviconhash",
		"location": "body",
		"keyword": ["1632964065"]
	}, {
		"cms": "VMware vCenter",
		"method": "keyword",
		"location": "body",
		"keyword": ["VMware","ID_VISDK","download"]
	}, {
		"cms": "AWS S3 Bucket",
		"method": "keyword",
		"location": "body",
		"keyword": ["InvalidBucketName","aliyuncs"]
	}, {
		"cms": "网心云设备",
		"method": "keyword",
		"location": "body",
		"keyword": ["网心云设备","favicon.png"]
	}, {
		"cms": "深信服 NGAF",
		"method": "keyword",
		"location": "body",
		"keyword": ["SANGFOR","NGAF","login"]
	}, {
		"cms": "IBM HTTP Server",
		"method": "keyword",
		"location": "body",
		"keyword": ["IBM HTTP Server","Support"]
	}, {
		"cms": "nps",
		"method": "keyword",
		"location": "body",
		"keyword": ["nps","ehang","login"]
	}, {
		"cms": "Webmin",
		"method": "keyword",
		"location": "body",
		"keyword": ["Webmin","session_login"]
	}, {
		"cms": "群晖 DiskStation",
		"method": "keyword",
		"location": "body",
		"keyword": ["DiskStation","文件服务器","modules"]
	}, {
		"cms": "锐捷 SSLVPN",
		"method": "keyword",
		"location": "body",
		"keyword": ["SSLVPN","rjweb","login"]
	}, {
		"cms": "蜂网企业流控云路由器",
		"method": "keyword",
		"location": "body",
		"keyword": ["ifw8","企业级流控云路由器","login"]
	}, {
		"cms": "网御 安全网关",
		"method": "keyword",
		"location": "body",
		"keyword": ["安全系统","网御星云","login"]
	}, {
		"cms": "Citrix Access Gateway",
		"method": "keyword",
		"location": "body",
		"keyword": ["Citrix Access Gateway","login"]
	}, {
		"cms": "深信服安全感知平台",
		"method": "keyword",
		"location": "body",
		"keyword": ["安全感知平台","login.js","apps"]
	}, {
		"cms": "Apache2 Ubuntu 默认页",
		"method": "keyword",
		"location": "body",
		"keyword": ["Apache2 Ubuntu Default Page","ubuntu-logo.png"]
	}, {
		"cms": "帆软报表-FineReport",
		"method": "keyword",
		"location": "body",
		"keyword": ["ReportServer","=fs"]
	}, {
		"cms": "CAS 单点登录",
		"method": "keyword",
		"location": "body",
		"keyword": ["Central Authentication Service","cas/login"]
	}, {
		"cms": "海康威视 流媒体管理服务器",
		"method": "keyword",
		"location": "body",
		"keyword": ["流媒体管理服务器","MSHTML","login"]
	}, {
		"cms": "noVNC 远程访问",
		"method": "keyword",
		"location": "body",
		"keyword": ["noVNC","<span>no</span>","host"]
	}, {
		"cms": "MessageSolution Enterprise Email Archiving (EEA)",
		"method": "keyword",
		"location": "body",
		"keyword": ["MessageSolution","index.jsp"]
	}, {
		"cms": "阿里巴巴otter manager",
		"method": "keyword",
		"location": "body",
		"keyword": ["Otter Manager","channelList"]
	}, {
		"cms": "VMware vRealize Operations Manager",
		"method": "keyword",
		"location": "body",
		"keyword": ["vRealize","VMware","Identity Manager"]
	}, {
		"cms": "H3C-ER3200 路由器",
		"method": "keyword",
		"location": "body",
		"keyword": ["ER3200","home.asp","h3c.com"]
	}, {
		"cms": "安恒云堡垒机",
		"method": "keyword",
		"location": "body",
		"keyword": ["DBAPPSecurity","安恒云堡垒机"]
	}, {
		"cms": "Citrix 虚拟桌面",
		"method": "faviconhash",
		"location": "body",
		"keyword": ["-1272756243"]
	}, {
		"cms": "SeaweedFS",
		"method": "faviconhash",
		"location": "body",
		"keyword": ["1210969935"]
	}, {
		"cms": "FreeRDP 远程RDP工具",
		"method": "faviconhash",
		"location": "body",
		"keyword": ["-2052468252"]
	}, {
		"cms": "Apache ActiveMQ",
		"method": "faviconhash",
		"location": "body",
		"keyword": ["1766699363"]
	}, {
		"cms": "Apache-Skywalking",
		"method": "faviconhash",
		"location": "body",
		"keyword": ["1929532064"]
	}, {
		"cms": "Parallels Default page",
		"method": "faviconhash",
		"location": "body",
		"keyword": ["-1050786453"]
	}, {
		"cms": "Plesk 面板",
		"method": "faviconhash",
		"location": "body",
		"keyword": ["-134375033"]
	}, {
		"cms": "DzzOffice 开源办公系统",
		"method": "faviconhash",
		"location": "body",
		"keyword": ["-1961736892"]
	}, {
		"cms": "网康科技网关/防火墙",
		"method": "faviconhash",
		"location": "body",
		"keyword": ["5471989"]
	}, {
		"cms": "ThinkPHP",
		"method": "keyword",
		"location": "header",
		"keyword": ["ThinkPHP"]
	}, {
		"cms": "SuperMap iServer Web Manager",
		"method": "faviconhash",
		"location": "body",
		"keyword": ["1740191553"]
	}, {
		"cms": "协众OA",
		"method": "faviconhash",
		"location": "body",
		"keyword": ["-1466673461"]
	}, {
		"cms": "Jellyfin",
		"method": "faviconhash",
		"location": "body",
		"keyword": ["-2069226242"]
	}, {
		"cms": "孚盟云 CRM",
		"method": "faviconhash",
		"location": "body",
		"keyword": ["1533124028"]
	}, {
	    "cms": "协众OA",
	    "method": "keyword",
	    "location": "body",
	    "keyword": ["scripts/cnoa.extra.js"]
	}, {
		"cms": "FastAdmin 框架",
		"method": "keyword",
		"location": "body",
		"keyword": ["assets/img/favicon.ico","bootstrap.min.css","navbar-toggle"]
	}, {
		"cms": "FastAdmin 框架",
		"method": "keyword",
		"location": "body",
		"keyword": ["ajax\\/upload","assets/img/favicon.ico","fastadmin"]
	}, {
	    "cms": "imo云办公室",
	    "method": "keyword",
	    "location": "body",
	    "keyword": ["<a title=\"imo云办公室\""]
	}, {
	    "cms": "imo云办公室",
	    "method": "keyword",
	    "location": "body",
	    "keyword": ["高效率网上办公平台","imo_setup.exe"]
	}, {
	    "cms": "永中DCS",
	    "method": "keyword",
	    "location": "body",
	    "keyword": ["<title>永中文档在线预览DCS</title>","www.yozodcs.com"]
	}, {
	    "cms": "JeecgBoot",
	    "method": "keyword",
	    "location": "body",
	    "keyword": ["JeecgBoot","polyfill_"]
	}, {
	    "cms": "帆软数据决策系统",
	    "method": "keyword",
	    "location": "body",
	    "keyword": [">数据决策系统","ReportServer?op"]
	}, {
	    "cms": "金山TimeOn云杀毒",
	    "method": "keyword",
	    "location": "body",
	    "keyword": ["<title>TimeOn","iepngfix/iepngfix_tilebg.js"]
	}, {
	    "cms": "金山终端安全",
	    "method": "keyword",
	    "location": "body",
	    "keyword": ["终端安全系统","setup/kanclient.exe","iepngfix/iepngfix_tilebg.js"]
	 }, {
	    "cms": "微擎 - 公众平台自助引擎",
	    "method": "keyword",
	    "location": "body",
	    "keyword": ["微擎 - 公众平台自助引擎","www.w7.cc","login"]
	 }, {
	    "cms": "Jspxcms",
	    "method": "keyword",
	    "location": "body",
	    "keyword": ["- Powered by Jspxcms","template/"]
	 }, {
	    "cms": "WordPress",
	    "method": "keyword",
	    "location": "body",
	    "keyword": ["wp-admin","wp-content/"]
	 }, {
	    "cms": "WordPress",
	    "method": "keyword",
	    "location": "body",
	    "keyword": ["wp-","wp-content/themes/"]
	 }, {
	    "cms": "金合OA",
	    "method": "keyword",
	    "location": "body",
	    "keyword": ["Jhsoft.Web.login","PassWord.aspx"]
	 }, {
	    "cms": "好视通视频会议系统",
	    "method": "keyword",
	    "location": "body",
	    "keyword": ["用户登录","resources/commonImage/favicon.ico","login/createQRCode.do"]
	 }, {
	    "cms": "LANMP 默认页面",
	    "method": "keyword",
	    "location": "body",
	    "keyword": ["<title>LANMP","<strong>恭喜","wdlinux.cn","本页可删除"]
	 }, {
	    "cms": "CentOS 默认页面",
	    "method": "keyword",
	    "location": "body",
	    "keyword": ["<title>Welcome to CentOS</title>","img/centos-logo.png","centos.org"]
	 }, {
	    "cms": "百度 ueditor编辑器",
	    "method": "keyword",
	    "location": "body",
	    "keyword": ["ueditor.all.js","UE.getEditor"]
	 }, {
	    "cms": "蓝凌EIS智慧协同平台",
	    "method": "keyword",
	    "location": "body",
	    "keyword": ["/scripts/jquery.landray.common.js","蓝凌软件"]
	 }, {
	    "cms": "phpinfo",
	    "method": "keyword",
	    "location": "body",
	    "keyword": ["<title>phpinfo","Virtual Directory Support"]
	 }, {
	    "cms": "Kyan 监控设备",
	    "method": "keyword",
	    "location": "body",
	    "keyword": ["login_files","platform","欢迎登陆系统"]
	 }, {
	    "cms": "Hue 大数据框架",
	    "method": "keyword",
	    "location": "body",
	    "keyword": ["Welcome to Hue","Query. Explore.","login"]
	 }, {
	    "cms": "亿邮邮件系统",
	    "method": "keyword",
	    "location": "body",
	    "keyword": ["eYou","q=login","tpl/user"]
	 }, {
	    "cms": "网神下一代极速防火墙",
	    "method": "keyword",
	    "location": "body",
	    "keyword": ["网神信息技术","login","防火墙"]
	 }, {
	    "cms": "中腾OA",
	    "method": "keyword",
	    "location": "body",
	    "keyword": ["systemAction","zt_webframe","login"]
	 }, {
	    "cms": "TVT 公司产品",
	    "method": "faviconhash",
	    "location": "body",
	    "keyword": ["492290497"]
	 }, {
	    "cms": "资产灯塔系统",
	    "method": "faviconhash",
	    "location": "body",
	    "keyword": ["1708240621"]
	 }, {
	    "cms": "WinWebMail邮件系统",
	    "method": "keyword",
	    "location": "body",
	    "keyword": ["images/hrefbt.css","WinWebMail"]
	 }]
}