{
  "$schema": "https://wails.io/schemas/config.v2.json",
  "name": "suo5",
  "outputfilename": "suo5-gui",
  "frontend:install": "npm install",
  "frontend:build": "npm run build",
  "frontend:dev:watcher": "npm run dev",
  "frontend:dev:serverUrl": "auto",
  "author": {
    "name": "",
    "email": ""
  },
  "info": {
    "companyName": "",
    "productName": "suo5-gui",
    "productVersion": "0.2.0",
    "copyright": "All rights reserved",
    "comments": "Built using Wails (https://wails.app)"
  }
}
