{
    "Name": "minio-default-password",
    "Description": "minio-default-password",
    "Product": "metinfo",
    "author": "chumeng",
    "Request":[
        {
        "Method": "POST",
        "Header": {"User-Agent": "Mozilla/5.0 (Windows NT 10.0; Win64; x64) AppleWebKit/537.36 (KHTML, like Gecko) Chrome/90.0.4430.85 Safari/537.36","Content-Type":"application/json"},
        "Uri":"/minio/webrpc",
        "Port":"",
        "Data":"{\"id\":1,\"jsonrpc\":\"2.0\",\"params\":{\"username\":\"minioadmin\",\"password\":\"minioadmin\"},\"method\":\"Web.Login\"}",
        "Follow_redirects":"false",
        "Upload":{"Name": "","fileName": "","filePath": "" },
        "Response":{
        "Check_Steps":"AND",
        "Checks": [
                {
                "Operation": "contains", 
                "Key":"",
                "Value": "uiVersion"
                },{
                    "Operation": "contains", 
                    "Key":"",
                    "Value": "token"
                    },
                 {
                "Operation": "code", 
                "Key":"",
                "Value": "200"  
                 }
        ]
        },
        "Next_decide":""
                }
]}
