{
    "Name": "activemq默认账号密码",
    "Description": "activemq默认账号密码admin/admin",
    "Product": "activemq",
    "author": "chumeng",
    "Request":[
                {
        "Method": "GET",
        "Header": {"Authorization": "Basic YWRtaW46YWRtaW4="},
        "Uri":"/admin/",
        "Port":"",
        "Data":"",
        "Follow_redirects":"false",
        "Upload":{"Name": "","fileName": "","filePath": "" },
        "Response":{
        "Check_Steps":"AND",
        "Checks": [
                {
                "Operation": "contains", 
                "Key":"",
                "Value": "Welcome to the Apache ActiveMQ Console of"
                }, {
                    "Operation": "contains", 
                    "Key":"",
                    "Value": "<h2>Broker</h2>"
                    },
                 {
                "Operation": "code", 
                "Key":"",
                "Value": "200"  
                 }
        ]
        },
        "Next_decide":""
                }
]}

