{
    "Name": "airflow-unauth",
    "Description": "airflow未授权访问",
    "Product": "airflow",
    "author": "chumeng",
    "Request":[
                {
        "Method": "GET",
        "Header": {"User-Agent": "Mozilla/5.0 (Windows NT 10.0; Win64; x64) AppleWebKit/537.36 (KHTML, like Gecko) Chrome/90.0.4430.85 Safari/537.36"},
        "Uri":"/admin/",
        "Port":"",
        "Data":"",
        "Follow_redirects":"false",
        "Upload":{"Name": "","fileName": "","filePath": "" },
        "Response":{
        "Check_Steps":"AND",
        "Checks": [
                {
                "Operation": "contains", 
                "Key":"",
                "Value": "<h2>DAGs</h2>"
                },  {
                    "Operation": "contains", 
                    "Key":"",
                    "Value": "<title>Airflow - DAGs</title>"
                    },
                 {
                "Operation": "code", 
                "Key":"",
                "Value": "200"  
                 }
        ]
        },
        "Next_decide":""
                }
]}
