{
    "Name": "go-pprof-leak",
    "Description": "go-pprof是go语言的调试工具（还存在另一个路径/debug/pprof/goroutine?debug=1）",
    "Product": "glassfish",
    "author": "chumeng",
    "Request":[
                {
        "Method": "GET",
        "Header": {"User-Agent": "Mozilla/5.0 (Windows NT 10.0; Win64; x64) AppleWebKit/537.36 (KHTML, like Gecko) Chrome/90.0.4430.85 Safari/537.36"},
        "Uri":"/debug/pprof/",
        "Port":"",
        "Data":"",
        "Follow_redirects":"false",
        "Upload":{"Name": "","fileName": "","filePath": "" },
        "Response":{
        "Check_Steps":"AND",
        "Checks": [
            {
                "Operation": "contains",
                "Key":"",
                "Value": "Types of profiles available"
            },
            {
                "Operation": "contains",
                "Key":"",
                "Value": "Profile Descriptions"
            },
            {
                "Operation": "code",
                "Key":"",
                "Value": "200"
            }
        ]
        },
        "Next_decide":""
                }
]}
