{
    "Name": "grafana-default-password",
    "Description": "grafana-default-password",
    "Product": "grafana",
    "author": "chumeng",
    "Request":[
                {
        "Method": "POST",
        "Header": {"User-Agent": "Mozilla/5.0 (Windows NT 10.0; Win64; x64) AppleWebKit/537.36 (KHTML, like Gecko) Chrome/90.0.4430.85 Safari/537.36"},
        "Uri":"/login",
        "Port":"",
        "Data":"{\"user\":\"admin\",\"password\":\"admin\"}",
        "Follow_redirects":"false",
        "Upload":{"Name": "","fileName": "","filePath": "" },
        "Response":{
        "Check_Steps":"AND",
        "Checks": [
                {
                "Operation": "contains", 
                "Key":"",
                "Value": "\"message\":\"Logged in\""
                },
                 {
                "Operation": "code", 
                "Key":"",
                "Value": "200"  
                 }
        ]
        },
        "Next_decide":""
                }
]}