{
    "Name": "showdoc-default-password",
    "Description": "showdoc-default-password",
    "Product": "showdoc",
    "author": "chumeng",
    "Request":[
                {
        "Method": "POST",
        "Header": {"User-Agent": "Mozilla/5.0 (Windows NT 10.0; Win64; x64) AppleWebKit/537.36 (KHTML, like Gecko) Chrome/90.0.4430.85 Safari/537.36"},
        "Uri":"/server/index.php?s=/api/user/login",
        "Port":"",
        "Data":"username=showdoc&password=123456",
        "Follow_redirects":"false",
        "Upload":{"Name": "","fileName": "","filePath": "" },
        "Response":{
        "Check_Steps":"AND",
        "Checks": [
                {
                "Operation": "contains", 
                "Key":"",
                "Value": "groupid"
                }, {
                    "Operation": "contains", 
                    "Key":"",
                    "Value": "user_token"
                    },
                 {
                "Operation": "code", 
                "Key":"",
                "Value": "200"  
                 }
        ]
        },
        "Next_decide":""
                }
]}
