{
  "Name": "Weaver OA E-Cology Workflowservicexml RCE fanwei-e-cology",
  "Description": "Weaver OA E-Cology Workflowservicexml RCE",
  "Product": "Weaver OA E-Cology",
  "Homepage": "https://www.weaver.com.cn/",
  "DisclosureDate": "2021-05-19",
  "Author": "PeiQi",
  "GobyQuery": "app=\"Weaver-OA\"",
  "Level": "3",
  "Impact": "RCE",
  "Recommendation": "",
  "References": [
    "http://wiki.peiqi.tech"
  ],
  "HasExp": true,
  "ExpParams": [
    {
      "name": "Cmd",
      "type": "input",
      "value": "whoami"
    }
  ],
  "ExpTips": {
    "Type": "",
    "Content": ""
  },
  "ScanSteps": [
    "AND",
    {
      "Request": {
        "data": "",
        "data_type": "text",
        "follow_redirect": true,
        "method": "GET",
        "uri": "/"
      },
      "ResponseTest": {
        "checks": [
          {
            "bz": "",
            "operation": "==",
            "type": "item",
            "value": "200",
            "variable": "$code"
          }
        ],
        "operation": "AND",
        "type": "group"
      }
    }
  ],
  "ExploitSteps": null,
  "Tags": ["RCE"],
  "CVEIDs": null,
  "CVSSScore": "0.0",
  "AttackSurfaces": {
    "Application": ["Weaver OA"],
    "Support": null,
    "Service": null,
    "System": null,
    "Hardware": null
  }
}