[{"target":"j129aap","target_type":"j129a","target_variant":"ap","platform":"t8103","product_type":"MacFamily20,1","product_description":"Mac","compatible_device_fallback":"iPad8,6","traits":{"preferred_architecture":"arm64e","artwork_device_idiom":"pad","artwork_scale_factor":2,"artwork_device_subtype":32401,"artwork_display_gamut":"P3","device_performance_memory_class":16,"graphics_feature_set_class":"APPLE6","graphics_feature_set_fallbacks":"APPLE5:APPLE4:APPLE3:APPLE3v1:APPLE2:APPLE1:GLES2,0"}},{"target":"j210ap","target_type":"j210","target_variant":"ap","platform":"t8020","product_type":"iPad11,1","product_description":"iPad mini (5th generation)","compatible_device_fallback":"iPad6,3","traits":{"preferred_architecture":"arm64e","artwork_device_idiom":"pad","artwork_scale_factor":2,"artwork_display_gamut":"P3","device_performance_memory_class":4,"graphics_feature_set_class":"APPLE5","graphics_feature_set_fallbacks":"APPLE4:APPLE3:APPLE3v1:APPLE2:APPLE1:GLES2,0"}},{"target":"j211ap","target_type":"j211","target_variant":"ap","platform":"t8020","product_type":"iPad11,2","product_description":"iPad mini (5th generation)","compatible_device_fallback":"iPad6,4","traits":{"preferred_architecture":"arm64e","artwork_device_idiom":"pad","artwork_scale_factor":2,"artwork_display_gamut":"P3","device_performance_memory_class":4,"graphics_feature_set_class":"APPLE5","graphics_feature_set_fallbacks":"APPLE4:APPLE3:APPLE3v1:APPLE2:APPLE1:GLES2,0"}},{"target":"j217ap","target_type":"j217","target_variant":"ap","platform":"t8020","product_type":"iPad11,3","product_description":"iPad Air (3rd generation)","compatible_device_fallback":"iPad7,3","traits":{"preferred_architecture":"arm64e","artwork_device_idiom":"pad","artwork_scale_factor":2,"artwork_device_subtype":2224,"artwork_display_gamut":"P3","device_performance_memory_class":4,"graphics_feature_set_class":"APPLE5","graphics_feature_set_fallbacks":"APPLE4:APPLE3:APPLE3v1:APPLE2:APPLE1:GLES2,0"}},{"target":"j218ap","target_type":"j218","target_variant":"ap","platform":"t8020","product_type":"iPad11,4","product_description":"iPad Air (3rd generation)","compatible_device_fallback":"iPad7,4","traits":{"preferred_architecture":"arm64e","artwork_device_idiom":"pad","artwork_scale_factor":2,"artwork_device_subtype":2224,"artwork_display_gamut":"P3","device_performance_memory_class":4,"graphics_feature_set_class":"APPLE5","graphics_feature_set_fallbacks":"APPLE4:APPLE3:APPLE3v1:APPLE2:APPLE1:GLES2,0"}},{"target":"j171aap","target_type":"j171a","target_variant":"ap","platform":"t8020","product_type":"iPad11,6","product_description":"iPad (8th generation)","compatible_device_fallback":"iPad7,11","traits":{"preferred_architecture":"arm64e","artwork_device_idiom":"pad","artwork_scale_factor":2,"artwork_device_subtype":2160,"artwork_display_gamut":"sRGB","device_performance_memory_class":4,"graphics_feature_set_class":"APPLE5","graphics_feature_set_fallbacks":"APPLE4:APPLE3v1:APPLE2:APPLE1:GLES2,0"}},{"target":"j172aap","target_type":"j172a","target_variant":"ap","platform":"t8020","product_type":"iPad11,7","product_description":"iPad (8th generation)","compatible_device_fallback":"iPad7,12","traits":{"preferred_architecture":"arm64e","artwork_device_idiom":"pad","artwork_scale_factor":2,"artwork_device_subtype":2160,"artwork_display_gamut":"sRGB","device_performance_memory_class":4,"graphics_feature_set_class":"APPLE5","graphics_feature_set_fallbacks":"APPLE4:APPLE3v1:APPLE2:APPLE1:GLES2,0"}},{"target":"j181ap","target_type":"j181","target_variant":"ap","platform":"t8030","product_type":"iPad12,1","product_description":"iPad (9th generation)","compatible_device_fallback":"iPad11,6","traits":{"preferred_architecture":"arm64e","artwork_device_idiom":"pad","artwork_scale_factor":2,"artwork_device_subtype":2160,"artwork_display_gamut":"sRGB","device_performance_memory_class":4,"graphics_feature_set_class":"APPLE6","graphics_feature_set_fallbacks":"APPLE5:APPLE4:APPLE3v1:APPLE2:APPLE1:GLES2,0"}},{"target":"j182ap","target_type":"j182","target_variant":"ap","platform":"t8030","product_type":"iPad12,2","product_description":"iPad (9th generation)","compatible_device_fallback":"iPad11,6","traits":{"preferred_architecture":"arm64e","artwork_device_idiom":"pad","artwork_scale_factor":2,"artwork_device_subtype":2160,"artwork_display_gamut":"sRGB","device_performance_memory_class":4,"graphics_feature_set_class":"APPLE6","graphics_feature_set_fallbacks":"APPLE5:APPLE4:APPLE3v1:APPLE2:APPLE1:GLES2,0"}},{"target":"j307ap","target_type":"j307","target_variant":"ap","platform":"t8101","product_type":"iPad13,1","product_description":"iPad Air (4th generation)","compatible_device_fallback":"iPad8,1","traits":{"preferred_architecture":"arm64e","artwork_device_idiom":"pad","artwork_scale_factor":2,"artwork_device_subtype":2360,"artwork_display_gamut":"P3","device_performance_memory_class":3,"graphics_feature_set_class":"APPLE7","graphics_feature_set_fallbacks":"APPLE6:APPLE5:APPLE4:APPLE3:APPLE3v1:APPLE2:APPLE1:GLES2,0"}},{"target":"j523ap","target_type":"j523","target_variant":"ap","platform":"t8103","product_type":"iPad13,10","product_description":"iPad Pro (12.9-inch) (5th generation)","compatible_device_fallback":"iPad8,8","traits":{"preferred_architecture":"arm64e","artwork_device_idiom":"pad","artwork_scale_factor":2,"artwork_device_subtype":2732,"artwork_display_gamut":"P3","device_performance_memory_class":8,"graphics_feature_set_class":"APPLE7","graphics_feature_set_fallbacks":"APPLE6:APPLE5:APPLE4:APPLE3:APPLE3v1:APPLE2:APPLE1:GLES2,0"}},{"target":"j523xap","target_type":"j523x","target_variant":"ap","platform":"t8103","product_type":"iPad13,11","product_description":"iPad Pro (12.9-inch) (5th generation)","compatible_device_fallback":"iPad8,8","traits":{"preferred_architecture":"arm64e","artwork_device_idiom":"pad","artwork_scale_factor":2,"artwork_device_subtype":2732,"artwork_display_gamut":"P3","device_performance_memory_class":16,"graphics_feature_set_class":"APPLE7","graphics_feature_set_fallbacks":"APPLE6:APPLE5:APPLE4:APPLE3:APPLE3v1:APPLE2:APPLE1:GLES2,0"}},{"target":"j407ap","target_type":"j407","target_variant":"ap","platform":"t8103","product_type":"iPad13,16","product_description":"iPad Air (5th generation)","compatible_device_fallback":"iPad13,1","traits":{"preferred_architecture":"arm64e","artwork_device_idiom":"pad","artwork_scale_factor":2,"artwork_device_subtype":2360,"artwork_display_gamut":"P3","device_performance_memory_class":8,"graphics_feature_set_class":"APPLE7","graphics_feature_set_fallbacks":"APPLE6:APPLE5:APPLE4:APPLE3:APPLE3v1:APPLE2:APPLE1:GLES2,0"}},{"target":"j408ap","target_type":"j408","target_variant":"ap","platform":"t8103","product_type":"iPad13,17","product_description":"iPad Air (5th generation)","compatible_device_fallback":"iPad13,2","traits":{"preferred_architecture":"arm64e","artwork_device_idiom":"pad","artwork_scale_factor":2,"artwork_device_subtype":2360,"artwork_display_gamut":"P3","device_performance_memory_class":8,"graphics_feature_set_class":"APPLE7","graphics_feature_set_fallbacks":"APPLE6:APPLE5:APPLE4:APPLE3:APPLE3v1:APPLE2:APPLE1:GLES2,0"}},{"target":"j271ap","target_type":"j271","target_variant":"ap","platform":"t8101","product_type":"iPad13,18","product_description":"iPad (10th generation)","compatible_device_fallback":"iPad12,1","traits":{"preferred_architecture":"arm64e","artwork_device_idiom":"pad","artwork_scale_factor":2,"artwork_device_subtype":2360,"artwork_display_gamut":"sRGB","device_performance_memory_class":3,"graphics_feature_set_class":"APPLE7","graphics_feature_set_fallbacks":"APPLE6:APPLE5:APPLE4:APPLE3:APPLE3v1:APPLE2:APPLE1:GLES2,0"}},{"target":"j272ap","target_type":"j272","target_variant":"ap","platform":"t8101","product_type":"iPad13,19","product_description":"iPad (10th generation)","compatible_device_fallback":"iPad12,2","traits":{"preferred_architecture":"arm64e","artwork_device_idiom":"pad","artwork_scale_factor":2,"artwork_device_subtype":2360,"artwork_display_gamut":"sRGB","device_performance_memory_class":3,"graphics_feature_set_class":"APPLE7","graphics_feature_set_fallbacks":"APPLE6:APPLE5:APPLE4:APPLE3:APPLE3v1:APPLE2:APPLE1:GLES2,0"}},{"target":"j308ap","target_type":"j308","target_variant":"ap","platform":"t8101","product_type":"iPad13,2","product_description":"iPad Air (4th generation)","compatible_device_fallback":"iPad8,3","traits":{"preferred_architecture":"arm64e","artwork_device_idiom":"pad","artwork_scale_factor":2,"artwork_device_subtype":2360,"artwork_display_gamut":"P3","device_performance_memory_class":3,"graphics_feature_set_class":"APPLE7","graphics_feature_set_fallbacks":"APPLE6:APPLE5:APPLE4:APPLE3:APPLE3v1:APPLE2:APPLE1:GLES2,0"}},{"target":"j517ap","target_type":"j517","target_variant":"ap","platform":"t8103","product_type":"iPad13,4","product_description":"iPad Pro (11-inch) (3rd generation)","compatible_device_fallback":"iPad8,2","traits":{"preferred_architecture":"arm64e","artwork_device_idiom":"pad","artwork_scale_factor":2,"artwork_device_subtype":2388,"artwork_display_gamut":"P3","device_performance_memory_class":8,"graphics_feature_set_class":"APPLE7","graphics_feature_set_fallbacks":"APPLE6:APPLE5:APPLE4:APPLE3:APPLE3v1:APPLE2:APPLE1:GLES2,0"}},{"target":"j517xap","target_type":"j517x","target_variant":"ap","platform":"t8103","product_type":"iPad13,5","product_description":"iPad Pro (11-inch) (3rd generation)","compatible_device_fallback":"iPad8,2","traits":{"preferred_architecture":"arm64e","artwork_device_idiom":"pad","artwork_scale_factor":2,"artwork_device_subtype":2388,"artwork_display_gamut":"P3","device_performance_memory_class":16,"graphics_feature_set_class":"APPLE7","graphics_feature_set_fallbacks":"APPLE6:APPLE5:APPLE4:APPLE3:APPLE3v1:APPLE2:APPLE1:GLES2,0"}},{"target":"j518ap","target_type":"j518","target_variant":"ap","platform":"t8103","product_type":"iPad13,6","product_description":"iPad Pro (11-inch) (3rd generation)","compatible_device_fallback":"iPad8,4","traits":{"preferred_architecture":"arm64e","artwork_device_idiom":"pad","artwork_scale_factor":2,"artwork_device_subtype":2388,"artwork_display_gamut":"P3","device_performance_memory_class":8,"graphics_feature_set_class":"APPLE7","graphics_feature_set_fallbacks":"APPLE6:APPLE5:APPLE4:APPLE3:APPLE3v1:APPLE2:APPLE1:GLES2,0"}},{"target":"j518xap","target_type":"j518x","target_variant":"ap","platform":"t8103","product_type":"iPad13,7","product_description":"iPad Pro (11-inch) (3rd generation)","compatible_device_fallback":"iPad8,4","traits":{"preferred_architecture":"arm64e","artwork_device_idiom":"pad","artwork_scale_factor":2,"artwork_device_subtype":2388,"artwork_display_gamut":"P3","device_performance_memory_class":16,"graphics_feature_set_class":"APPLE7","graphics_feature_set_fallbacks":"APPLE6:APPLE5:APPLE4:APPLE3:APPLE3v1:APPLE2:APPLE1:GLES2,0"}},{"target":"j522ap","target_type":"j522","target_variant":"ap","platform":"t8103","product_type":"iPad13,8","product_description":"iPad Pro (12.9-inch) (5th generation)","compatible_device_fallback":"iPad8,6","traits":{"preferred_architecture":"arm64e","artwork_device_idiom":"pad","artwork_scale_factor":2,"artwork_device_subtype":2732,"artwork_display_gamut":"P3","device_performance_memory_class":8,"graphics_feature_set_class":"APPLE7","graphics_feature_set_fallbacks":"APPLE6:APPLE5:APPLE4:APPLE3:APPLE3v1:APPLE2:APPLE1:GLES2,0"}},{"target":"j522xap","target_type":"j522x","target_variant":"ap","platform":"t8103","product_type":"iPad13,9","product_description":"iPad Pro (12.9-inch) (5th generation)","compatible_device_fallback":"iPad8,6","traits":{"preferred_architecture":"arm64e","artwork_device_idiom":"pad","artwork_scale_factor":2,"artwork_device_subtype":2732,"artwork_display_gamut":"P3","device_performance_memory_class":16,"graphics_feature_set_class":"APPLE7","graphics_feature_set_fallbacks":"APPLE6:APPLE5:APPLE4:APPLE3:APPLE3v1:APPLE2:APPLE1:GLES2,0"}},{"target":"j310ap","target_type":"j310","target_variant":"ap","platform":"t8110","product_type":"iPad14,1","product_description":"iPad mini (6th generation)","compatible_device_fallback":"iPad11,1","traits":{"preferred_architecture":"arm64e","artwork_device_idiom":"pad","artwork_scale_factor":2,"artwork_device_subtype":2266,"artwork_display_gamut":"P3","device_performance_memory_class":3,"graphics_feature_set_class":"APPLE8","graphics_feature_set_fallbacks":"APPLE7:APPLE6:APPLE5:APPLE4:APPLE3:APPLE2:APPLE1:GLES2,0"}},{"target":"j311ap","target_type":"j311","target_variant":"ap","platform":"t8110","product_type":"iPad14,2","product_description":"iPad mini (6th generation)","compatible_device_fallback":"iPad11,2","traits":{"preferred_architecture":"arm64e","artwork_device_idiom":"pad","artwork_scale_factor":2,"artwork_device_subtype":2266,"artwork_display_gamut":"P3","device_performance_memory_class":3,"graphics_feature_set_class":"APPLE8","graphics_feature_set_fallbacks":"APPLE7:APPLE6:APPLE5:APPLE4:APPLE3:APPLE2:APPLE1:GLES2,0"}},{"target":"j617ap","target_type":"j617","target_variant":"ap","platform":"t8112","product_type":"iPad14,3","product_description":"iPad Pro (11-inch) (4th generation)","compatible_device_fallback":"iPad13,4","traits":{"preferred_architecture":"arm64e","artwork_device_idiom":"pad","artwork_scale_factor":2,"artwork_device_subtype":2388,"artwork_display_gamut":"P3","device_performance_memory_class":8,"graphics_feature_set_class":"APPLE8","graphics_feature_set_fallbacks":"APPLE7:APPLE6:APPLE5:APPLE4:APPLE3:APPLE3v1:APPLE2:APPLE1:GLES2,0"}},{"target":"j618ap","target_type":"j618","target_variant":"ap","platform":"t8112","product_type":"iPad14,4","product_description":"iPad Pro (11-inch) (4th generation)","compatible_device_fallback":"iPad13,6","traits":{"preferred_architecture":"arm64e","artwork_device_idiom":"pad","artwork_scale_factor":2,"artwork_device_subtype":2388,"artwork_display_gamut":"P3","device_performance_memory_class":8,"graphics_feature_set_class":"APPLE8","graphics_feature_set_fallbacks":"APPLE7:APPLE6:APPLE5:APPLE4:APPLE3:APPLE3v1:APPLE2:APPLE1:GLES2,0"}},{"target":"j620ap","target_type":"j620","target_variant":"ap","platform":"t8112","product_type":"iPad14,5","product_description":"iPad Pro (12.9-inch) (6th generation)","compatible_device_fallback":"iPad13,8","traits":{"preferred_architecture":"arm64e","artwork_device_idiom":"pad","artwork_scale_factor":2,"artwork_device_subtype":2732,"artwork_display_gamut":"P3","device_performance_memory_class":8,"graphics_feature_set_class":"APPLE8","graphics_feature_set_fallbacks":"APPLE7:APPLE6:APPLE5:APPLE4:APPLE3:APPLE3v1:APPLE2:APPLE1:GLES2,0"}},{"target":"j621ap","target_type":"j621","target_variant":"ap","platform":"t8112","product_type":"iPad14,6","product_description":"iPad Pro (12.9-inch) (6th generation)","compatible_device_fallback":"iPad13,10","traits":{"preferred_architecture":"arm64e","artwork_device_idiom":"pad","artwork_scale_factor":2,"artwork_device_subtype":2732,"artwork_display_gamut":"P3","device_performance_memory_class":8,"graphics_feature_set_class":"APPLE8","graphics_feature_set_fallbacks":"APPLE7:APPLE6:APPLE5:APPLE4:APPLE3:APPLE3v1:APPLE2:APPLE1:GLES2,0"}},{"target":"j71sap","target_type":"j71s","target_variant":"ap","platform":"s8000","product_type":"iPad6,11","product_description":"iPad (5th generation)","compatible_device_fallback":"iPad5,3","traits":{"preferred_architecture":"arm64","artwork_device_idiom":"pad","artwork_scale_factor":2,"artwork_display_gamut":"sRGB","device_performance_memory_class":2,"graphics_feature_set_class":"APPLE3","graphics_feature_set_fallbacks":"APPLE3v1:APPLE2:APPLE1:GLES2,0"}},{"target":"j71tap","target_type":"j71t","target_variant":"ap","platform":"s8003","product_type":"iPad6,11","product_description":"iPad (5th generation)","compatible_device_fallback":"iPad5,3","traits":{"preferred_architecture":"arm64","artwork_device_idiom":"pad","artwork_scale_factor":2,"artwork_display_gamut":"sRGB","device_performance_memory_class":2,"graphics_feature_set_class":"APPLE3","graphics_feature_set_fallbacks":"APPLE3v1:APPLE2:APPLE1:GLES2,0"}},{"target":"j72sap","target_type":"j72s","target_variant":"ap","platform":"s8000","product_type":"iPad6,12","product_description":"iPad (5th generation)","compatible_device_fallback":"iPad5,4","traits":{"preferred_architecture":"arm64","artwork_device_idiom":"pad","artwork_scale_factor":2,"artwork_display_gamut":"sRGB","device_performance_memory_class":2,"graphics_feature_set_class":"APPLE3","graphics_feature_set_fallbacks":"APPLE3v1:APPLE2:APPLE1:GLES2,0"}},{"target":"j72tap","target_type":"j72t","target_variant":"ap","platform":"s8003","product_type":"iPad6,12","product_description":"iPad (5th generation)","compatible_device_fallback":"iPad5,4","traits":{"preferred_architecture":"arm64","artwork_device_idiom":"pad","artwork_scale_factor":2,"artwork_display_gamut":"sRGB","device_performance_memory_class":2,"graphics_feature_set_class":"APPLE3","graphics_feature_set_fallbacks":"APPLE3v1:APPLE2:APPLE1:GLES2,0"}},{"target":"j127ap","target_type":"j127","target_variant":"ap","platform":"s8001","product_type":"iPad6,3","product_description":"iPad Pro (9.7-inch)","traits":{"preferred_architecture":"arm64","artwork_device_idiom":"pad","artwork_scale_factor":2,"artwork_display_gamut":"P3","device_performance_memory_class":2,"graphics_feature_set_class":"APPLE3","graphics_feature_set_fallbacks":"APPLE3v1:APPLE2:APPLE1:GLES2,0"}},{"target":"j128ap","target_type":"j128","target_variant":"ap","platform":"s8001","product_type":"iPad6,4","product_description":"iPad Pro (9.7-inch)","traits":{"preferred_architecture":"arm64","artwork_device_idiom":"pad","artwork_scale_factor":2,"artwork_display_gamut":"P3","device_performance_memory_class":2,"graphics_feature_set_class":"APPLE3","graphics_feature_set_fallbacks":"APPLE3v1:APPLE2:APPLE1:GLES2,0"}},{"target":"j98aap","target_type":"j98a","target_variant":"ap","platform":"s8001","product_type":"iPad6,7","product_description":"iPad Pro (12.9-inch)","traits":{"preferred_architecture":"arm64","artwork_device_idiom":"pad","artwork_scale_factor":2,"artwork_device_subtype":2732,"artwork_display_gamut":"sRGB","device_performance_memory_class":3,"graphics_feature_set_class":"APPLE3","graphics_feature_set_fallbacks":"APPLE3v1:APPLE2:APPLE1:GLES2,0"}},{"target":"j99aap","target_type":"j99a","target_variant":"ap","platform":"s8001","product_type":"iPad6,8","product_description":"iPad Pro (12.9-inch)","traits":{"preferred_architecture":"arm64","artwork_device_idiom":"pad","artwork_scale_factor":2,"artwork_device_subtype":2732,"artwork_display_gamut":"sRGB","device_performance_memory_class":3,"graphics_feature_set_class":"APPLE3","graphics_feature_set_fallbacks":"APPLE3v1:APPLE2:APPLE1:GLES2,0"}},{"target":"j120ap","target_type":"j120","target_variant":"ap","platform":"t8011","product_type":"iPad7,1","product_description":"iPad Pro (12.9-inch) (2nd generation)","compatible_device_fallback":"iPad6,7","traits":{"preferred_architecture":"arm64","artwork_device_idiom":"pad","artwork_scale_factor":2,"artwork_device_subtype":2732,"artwork_display_gamut":"P3","device_performance_memory_class":3,"graphics_feature_set_class":"APPLE3","graphics_feature_set_fallbacks":"APPLE3v1:APPLE2:APPLE1:GLES2,0"}},{"target":"j171ap","target_type":"j171","target_variant":"ap","platform":"t8010","product_type":"iPad7,11","product_description":"iPad (7th generation)","compatible_device_fallback":"iPad7,5","traits":{"preferred_architecture":"arm64","artwork_device_idiom":"pad","artwork_scale_factor":2,"artwork_display_gamut":"sRGB","device_performance_memory_class":4,"graphics_feature_set_class":"APPLE3","graphics_feature_set_fallbacks":"APPLE3v1:APPLE2:APPLE1:GLES2,0"}},{"target":"j172ap","target_type":"j172","target_variant":"ap","platform":"t8010","product_type":"iPad7,12","product_description":"iPad (7th generation)","compatible_device_fallback":"iPad7,6","traits":{"preferred_architecture":"arm64","artwork_device_idiom":"pad","artwork_scale_factor":2,"artwork_display_gamut":"sRGB","device_performance_memory_class":4,"graphics_feature_set_class":"APPLE3","graphics_feature_set_fallbacks":"APPLE3v1:APPLE2:APPLE1:GLES2,0"}},{"target":"j121ap","target_type":"j121","target_variant":"ap","platform":"t8011","product_type":"iPad7,2","product_description":"iPad Pro (12.9-inch) (2nd generation)","compatible_device_fallback":"iPad6,8","traits":{"preferred_architecture":"arm64","artwork_device_idiom":"pad","artwork_scale_factor":2,"artwork_device_subtype":2732,"artwork_display_gamut":"P3","device_performance_memory_class":3,"graphics_feature_set_class":"APPLE3","graphics_feature_set_fallbacks":"APPLE3v1:APPLE2:APPLE1:GLES2,0"}},{"target":"j207ap","target_type":"j207","target_variant":"ap","platform":"t8011","product_type":"iPad7,3","product_description":"iPad Pro (10.5-inch)","compatible_device_fallback":"iPad6,3","traits":{"preferred_architecture":"arm64","artwork_device_idiom":"pad","artwork_scale_factor":2,"artwork_device_subtype":2224,"artwork_display_gamut":"P3","device_performance_memory_class":3,"graphics_feature_set_class":"APPLE3","graphics_feature_set_fallbacks":"APPLE3v1:APPLE2:APPLE1:GLES2,0"}},{"target":"j208ap","target_type":"j208","target_variant":"ap","platform":"t8011","product_type":"iPad7,4","product_description":"iPad Pro (10.5-inch)","compatible_device_fallback":"iPad6,4","traits":{"preferred_architecture":"arm64","artwork_device_idiom":"pad","artwork_scale_factor":2,"artwork_device_subtype":2224,"artwork_display_gamut":"P3","device_performance_memory_class":3,"graphics_feature_set_class":"APPLE3","graphics_feature_set_fallbacks":"APPLE3v1:APPLE2:APPLE1:GLES2,0"}},{"target":"j71bap","target_type":"j71b","target_variant":"ap","platform":"t8010","product_type":"iPad7,5","product_description":"iPad (6th generation)","compatible_device_fallback":"iPad6,11","traits":{"preferred_architecture":"arm64","artwork_device_idiom":"pad","artwork_scale_factor":2,"artwork_display_gamut":"sRGB","device_performance_memory_class":2,"graphics_feature_set_class":"APPLE3","graphics_feature_set_fallbacks":"APPLE3v1:APPLE2:APPLE1:GLES2,0"}},{"target":"j72bap","target_type":"j72b","target_variant":"ap","platform":"t8010","product_type":"iPad7,6","product_description":"iPad (6th generation)","compatible_device_fallback":"iPad6,12","traits":{"preferred_architecture":"arm64","artwork_device_idiom":"pad","artwork_scale_factor":2,"artwork_display_gamut":"sRGB","device_performance_memory_class":2,"graphics_feature_set_class":"APPLE3","graphics_feature_set_fallbacks":"APPLE3v1:APPLE2:APPLE1:GLES2,0"}},{"target":"j317ap","target_type":"j317","target_variant":"ap","platform":"t8027","product_type":"iPad8,1","product_description":"iPad Pro (11-inch)","compatible_device_fallback":"iPad7,3","traits":{"preferred_architecture":"arm64e","artwork_device_idiom":"pad","artwork_scale_factor":2,"artwork_device_subtype":2388,"artwork_display_gamut":"P3","device_performance_memory_class":3,"graphics_feature_set_class":"APPLE5","graphics_feature_set_fallbacks":"APPLE4:APPLE3:APPLE3v1:APPLE2:APPLE1:GLES2,0"}},{"target":"j418ap","target_type":"j418","target_variant":"ap","platform":"t8027","product_type":"iPad8,10","product_description":"iPad Pro (11-inch) (2nd generation)","compatible_device_fallback":"iPad8,3","traits":{"preferred_architecture":"arm64e","artwork_device_idiom":"pad","artwork_scale_factor":2,"artwork_device_subtype":2388,"artwork_display_gamut":"P3","device_performance_memory_class":6,"graphics_feature_set_class":"APPLE5","graphics_feature_set_fallbacks":"APPLE4:APPLE3:APPLE3v1:APPLE2:APPLE1:GLES2,0"}},{"target":"j420ap","target_type":"j420","target_variant":"ap","platform":"t8027","product_type":"iPad8,11","product_description":"iPad Pro (12.9-inch) (4th generation)","compatible_device_fallback":"iPad8,5","traits":{"preferred_architecture":"arm64e","artwork_device_idiom":"pad","artwork_scale_factor":2,"artwork_device_subtype":2732,"artwork_display_gamut":"P3","device_performance_memory_class":6,"graphics_feature_set_class":"APPLE5","graphics_feature_set_fallbacks":"APPLE4:APPLE3:APPLE3v1:APPLE2:APPLE1:GLES2,0"}},{"target":"j421ap","target_type":"j421","target_variant":"ap","platform":"t8027","product_type":"iPad8,12","product_description":"iPad Pro (12.9-inch) (4th generation)","compatible_device_fallback":"iPad8,7","traits":{"preferred_architecture":"arm64e","artwork_device_idiom":"pad","artwork_scale_factor":2,"artwork_device_subtype":2732,"artwork_display_gamut":"P3","device_performance_memory_class":6,"graphics_feature_set_class":"APPLE5","graphics_feature_set_fallbacks":"APPLE4:APPLE3:APPLE3v1:APPLE2:APPLE1:GLES2,0"}},{"target":"j317xap","target_type":"j317x","target_variant":"ap","platform":"t8027","product_type":"iPad8,2","product_description":"iPad Pro (11-inch)","compatible_device_fallback":"iPad7,3","traits":{"preferred_architecture":"arm64e","artwork_device_idiom":"pad","artwork_scale_factor":2,"artwork_device_subtype":2388,"artwork_display_gamut":"P3","device_performance_memory_class":6,"graphics_feature_set_class":"APPLE5","graphics_feature_set_fallbacks":"APPLE4:APPLE3:APPLE3v1:APPLE2:APPLE1:GLES2,0"}},{"target":"j318ap","target_type":"j318","target_variant":"ap","platform":"t8027","product_type":"iPad8,3","product_description":"iPad Pro (11-inch)","compatible_device_fallback":"iPad7,4","traits":{"preferred_architecture":"arm64e","artwork_device_idiom":"pad","artwork_scale_factor":2,"artwork_device_subtype":2388,"artwork_display_gamut":"P3","device_performance_memory_class":3,"graphics_feature_set_class":"APPLE5","graphics_feature_set_fallbacks":"APPLE4:APPLE3:APPLE3v1:APPLE2:APPLE1:GLES2,0"}},{"target":"j318xap","target_type":"j318x","target_variant":"ap","platform":"t8027","product_type":"iPad8,4","product_description":"iPad Pro (11-inch)","compatible_device_fallback":"iPad7,4","traits":{"preferred_architecture":"arm64e","artwork_device_idiom":"pad","artwork_scale_factor":2,"artwork_device_subtype":2388,"artwork_display_gamut":"P3","device_performance_memory_class":6,"graphics_feature_set_class":"APPLE5","graphics_feature_set_fallbacks":"APPLE4:APPLE3:APPLE3v1:APPLE2:APPLE1:GLES2,0"}},{"target":"j320ap","target_type":"j320","target_variant":"ap","platform":"t8027","product_type":"iPad8,5","product_description":"iPad Pro (12.9-inch) (3rd generation)","compatible_device_fallback":"iPad7,1","traits":{"preferred_architecture":"arm64e","artwork_device_idiom":"pad","artwork_scale_factor":2,"artwork_device_subtype":2732,"artwork_display_gamut":"P3","device_performance_memory_class":3,"graphics_feature_set_class":"APPLE5","graphics_feature_set_fallbacks":"APPLE4:APPLE3:APPLE3v1:APPLE2:APPLE1:GLES2,0"}},{"target":"j320xap","target_type":"j320x","target_variant":"ap","platform":"t8027","product_type":"iPad8,6","product_description":"iPad Pro (12.9-inch) (3rd generation)","compatible_device_fallback":"iPad7,1","traits":{"preferred_architecture":"arm64e","artwork_device_idiom":"pad","artwork_scale_factor":2,"artwork_device_subtype":2732,"artwork_display_gamut":"P3","device_performance_memory_class":6,"graphics_feature_set_class":"APPLE5","graphics_feature_set_fallbacks":"APPLE4:APPLE3:APPLE3v1:APPLE2:APPLE1:GLES2,0"}},{"target":"j321ap","target_type":"j321","target_variant":"ap","platform":"t8027","product_type":"iPad8,7","product_description":"iPad Pro (12.9-inch) (3rd generation)","compatible_device_fallback":"iPad7,2","traits":{"preferred_architecture":"arm64e","artwork_device_idiom":"pad","artwork_scale_factor":2,"artwork_device_subtype":2732,"artwork_display_gamut":"P3","device_performance_memory_class":3,"graphics_feature_set_class":"APPLE5","graphics_feature_set_fallbacks":"APPLE4:APPLE3:APPLE3v1:APPLE2:APPLE1:GLES2,0"}},{"target":"j321xap","target_type":"j321x","target_variant":"ap","platform":"t8027","product_type":"iPad8,8","product_description":"iPad Pro (12.9-inch) (3rd generation)","compatible_device_fallback":"iPad7,2","traits":{"preferred_architecture":"arm64e","artwork_device_idiom":"pad","artwork_scale_factor":2,"artwork_device_subtype":2732,"artwork_display_gamut":"P3","device_performance_memory_class":6,"graphics_feature_set_class":"APPLE5","graphics_feature_set_fallbacks":"APPLE4:APPLE3:APPLE3v1:APPLE2:APPLE1:GLES2,0"}},{"target":"j417ap","target_type":"j417","target_variant":"ap","platform":"t8027","product_type":"iPad8,9","product_description":"iPad Pro (11-inch) (2nd generation)","compatible_device_fallback":"iPad8,1","traits":{"preferred_architecture":"arm64e","artwork_device_idiom":"pad","artwork_scale_factor":2,"artwork_device_subtype":2388,"artwork_display_gamut":"P3","device_performance_memory_class":6,"graphics_feature_set_class":"APPLE5","graphics_feature_set_fallbacks":"APPLE4:APPLE3:APPLE3v1:APPLE2:APPLE1:GLES2,0"}},{"target":"d20ap","target_type":"d20","target_variant":"ap","platform":"t8015","product_type":"iPhone10,1","product_description":"iPhone 8","compatible_device_fallback":"iPhone9,1","traits":{"preferred_architecture":"arm64","artwork_device_idiom":"phone","artwork_hosted_idioms":"car","artwork_scale_factor":2,"artwork_device_subtype":569,"artwork_display_gamut":"P3","device_performance_memory_class":2,"graphics_feature_set_class":"APPLE4","graphics_feature_set_fallbacks":"APPLE3:APPLE3v1:APPLE2:APPLE1:GLES2,0"}},{"target":"d21ap","target_type":"d21","target_variant":"ap","platform":"t8015","product_type":"iPhone10,2","product_description":"iPhone 8 Plus","compatible_device_fallback":"iPhone9,2","traits":{"preferred_architecture":"arm64","artwork_device_idiom":"phone","artwork_hosted_idioms":"car","artwork_scale_factor":3,"artwork_device_subtype":570,"artwork_display_gamut":"P3","device_performance_memory_class":4,"graphics_feature_set_class":"APPLE4","graphics_feature_set_fallbacks":"APPLE3:APPLE3v1:APPLE2:APPLE1:GLES2,0"}},{"target":"d22ap","target_type":"d22","target_variant":"ap","platform":"t8015","product_type":"iPhone10,3","product_description":"iPhone X","compatible_device_fallback":"iPhone9,2","traits":{"preferred_architecture":"arm64","artwork_device_idiom":"phone","artwork_hosted_idioms":"car","artwork_scale_factor":3,"artwork_device_subtype":2436,"artwork_display_gamut":"P3","device_performance_memory_class":4,"graphics_feature_set_class":"APPLE4","graphics_feature_set_fallbacks":"APPLE3:APPLE3v1:APPLE2:APPLE1:GLES2,0"}},{"target":"d201ap","target_type":"d201","target_variant":"ap","platform":"t8015","product_type":"iPhone10,4","product_description":"iPhone 8","compatible_device_fallback":"iPhone9,1","traits":{"preferred_architecture":"arm64","artwork_device_idiom":"phone","artwork_hosted_idioms":"car","artwork_scale_factor":2,"artwork_device_subtype":569,"artwork_display_gamut":"P3","device_performance_memory_class":2,"graphics_feature_set_class":"APPLE4","graphics_feature_set_fallbacks":"APPLE3:APPLE3v1:APPLE2:APPLE1:GLES2,0"}},{"target":"d211ap","target_type":"d211","target_variant":"ap","platform":"t8015","product_type":"iPhone10,5","product_description":"iPhone 8 Plus","compatible_device_fallback":"iPhone9,2","traits":{"preferred_architecture":"arm64","artwork_device_idiom":"phone","artwork_hosted_idioms":"car","artwork_scale_factor":3,"artwork_device_subtype":570,"artwork_display_gamut":"P3","device_performance_memory_class":4,"graphics_feature_set_class":"APPLE4","graphics_feature_set_fallbacks":"APPLE3:APPLE3v1:APPLE2:APPLE1:GLES2,0"}},{"target":"d221ap","target_type":"d221","target_variant":"ap","platform":"t8015","product_type":"iPhone10,6","product_description":"iPhone X","compatible_device_fallback":"iPhone9,2","traits":{"preferred_architecture":"arm64","artwork_device_idiom":"phone","artwork_hosted_idioms":"car","artwork_scale_factor":3,"artwork_device_subtype":2436,"artwork_display_gamut":"P3","device_performance_memory_class":4,"graphics_feature_set_class":"APPLE4","graphics_feature_set_fallbacks":"APPLE3:APPLE3v1:APPLE2:APPLE1:GLES2,0"}},{"target":"d321ap","target_type":"d321","target_variant":"ap","platform":"t8020","product_type":"iPhone11,2","product_description":"iPhone XS","compatible_device_fallback":"iPhone10,3","traits":{"preferred_architecture":"arm64e","artwork_device_idiom":"phone","artwork_hosted_idioms":"car","artwork_scale_factor":3,"artwork_device_subtype":2436,"artwork_display_gamut":"P3","device_performance_memory_class":3,"graphics_feature_set_class":"APPLE5","graphics_feature_set_fallbacks":"APPLE4:APPLE3:APPLE3v1:APPLE2:APPLE1:GLES2,0"}},{"target":"d331ap","target_type":"d331","target_variant":"ap","platform":"t8020","product_type":"iPhone11,4","product_description":"iPhone XS Max","compatible_device_fallback":"iPhone10,2","traits":{"preferred_architecture":"arm64e","artwork_device_idiom":"phone","artwork_hosted_idioms":"car","artwork_scale_factor":3,"artwork_device_subtype":2688,"artwork_display_gamut":"P3","device_performance_memory_class":3,"graphics_feature_set_class":"APPLE5","graphics_feature_set_fallbacks":"APPLE4:APPLE3:APPLE3v1:APPLE2:APPLE1:GLES2,0"}},{"target":"d331pap","target_type":"d331p","target_variant":"ap","platform":"t8020","product_type":"iPhone11,6","product_description":"iPhone XS Max","compatible_device_fallback":"iPhone10,2","traits":{"preferred_architecture":"arm64e","artwork_device_idiom":"phone","artwork_hosted_idioms":"car","artwork_scale_factor":3,"artwork_device_subtype":2688,"artwork_display_gamut":"P3","device_performance_memory_class":3,"graphics_feature_set_class":"APPLE5","graphics_feature_set_fallbacks":"APPLE4:APPLE3:APPLE3v1:APPLE2:APPLE1:GLES2,0"}},{"target":"n841ap","target_type":"n841","target_variant":"ap","platform":"t8020","product_type":"iPhone11,8","product_description":"iPhone XR","compatible_device_fallback":"iPhone10,3","traits":{"preferred_architecture":"arm64e","artwork_device_idiom":"phone","artwork_hosted_idioms":"car","artwork_scale_factor":2,"artwork_device_subtype":1792,"artwork_display_gamut":"P3","device_performance_memory_class":4,"graphics_feature_set_class":"APPLE5","graphics_feature_set_fallbacks":"APPLE4:APPLE3:APPLE3v1:APPLE2:APPLE1:GLES2,0"}},{"target":"n104ap","target_type":"n104","target_variant":"ap","platform":"t8030","product_type":"iPhone12,1","product_description":"iPhone 11","compatible_device_fallback":"iPhone11,8","traits":{"preferred_architecture":"arm64e","artwork_device_idiom":"phone","artwork_hosted_idioms":"car","artwork_scale_factor":2,"artwork_device_subtype":1792,"artwork_display_gamut":"P3","device_performance_memory_class":3,"graphics_feature_set_class":"APPLE6","graphics_feature_set_fallbacks":"APPLE5:APPLE4:APPLE3:APPLE3v1:APPLE2:APPLE1:GLES2,0"}},{"target":"d421ap","target_type":"d421","target_variant":"ap","platform":"t8030","product_type":"iPhone12,3","product_description":"iPhone 11 Pro","compatible_device_fallback":"iPhone11,2","traits":{"preferred_architecture":"arm64e","artwork_device_idiom":"phone","artwork_hosted_idioms":"car","artwork_scale_factor":3,"artwork_device_subtype":2436,"artwork_display_gamut":"P3","device_performance_memory_class":3,"graphics_feature_set_class":"APPLE6","graphics_feature_set_fallbacks":"APPLE5:APPLE4:APPLE3:APPLE3v1:APPLE2:APPLE1:GLES2,0"}},{"target":"d431ap","target_type":"d431","target_variant":"ap","platform":"t8030","product_type":"iPhone12,5","product_description":"iPhone 11 Pro Max","compatible_device_fallback":"iPhone11,4","traits":{"preferred_architecture":"arm64e","artwork_device_idiom":"phone","artwork_hosted_idioms":"car","artwork_scale_factor":3,"artwork_device_subtype":2688,"artwork_display_gamut":"P3","device_performance_memory_class":3,"graphics_feature_set_class":"APPLE6","graphics_feature_set_fallbacks":"APPLE5:APPLE4:APPLE3:APPLE3v1:APPLE2:APPLE1:GLES2,0"}},{"target":"d79ap","target_type":"d79","target_variant":"ap","platform":"t8030","product_type":"iPhone12,8","product_description":"iPhone SE (2nd generation)","compatible_device_fallback":"iPhone11,8","traits":{"preferred_architecture":"arm64e","artwork_device_idiom":"phone","artwork_hosted_idioms":"car","artwork_scale_factor":2,"artwork_device_subtype":569,"artwork_display_gamut":"P3","device_performance_memory_class":4,"graphics_feature_set_class":"APPLE6","graphics_feature_set_fallbacks":"APPLE5:APPLE4:APPLE3:APPLE3v1:APPLE2:APPLE1:GLES2,0"}},{"target":"d52gap","target_type":"d52g","target_variant":"ap","platform":"t8101","product_type":"iPhone13,1","product_description":"iPhone 12 mini","compatible_device_fallback":"iPhone12,3","traits":{"preferred_architecture":"arm64e","artwork_device_idiom":"phone","artwork_hosted_idioms":"car","artwork_scale_factor":3,"artwork_device_subtype":2340,"artwork_display_gamut":"P3","device_performance_memory_class":3,"graphics_feature_set_class":"APPLE7","graphics_feature_set_fallbacks":"APPLE6:APPLE5:APPLE4:APPLE3:APPLE3v1:APPLE2:APPLE1:GLES2,0"}},{"target":"d53gap","target_type":"d53g","target_variant":"ap","platform":"t8101","product_type":"iPhone13,2","product_description":"iPhone 12","compatible_device_fallback":"iPhone12,5","traits":{"preferred_architecture":"arm64e","artwork_device_idiom":"phone","artwork_hosted_idioms":"car","artwork_scale_factor":3,"artwork_device_subtype":2532,"artwork_display_gamut":"P3","device_performance_memory_class":3,"graphics_feature_set_class":"APPLE7","graphics_feature_set_fallbacks":"APPLE6:APPLE5:APPLE4:APPLE3:APPLE3v1:APPLE2:APPLE1:GLES2,0"}},{"target":"d53pap","target_type":"d53p","target_variant":"ap","platform":"t8101","product_type":"iPhone13,3","product_description":"iPhone 12 Pro","compatible_device_fallback":"iPhone12,5","traits":{"preferred_architecture":"arm64e","artwork_device_idiom":"phone","artwork_hosted_idioms":"car","artwork_scale_factor":3,"artwork_device_subtype":2532,"artwork_display_gamut":"P3","device_performance_memory_class":6,"graphics_feature_set_class":"APPLE7","graphics_feature_set_fallbacks":"APPLE6:APPLE5:APPLE4:APPLE3:APPLE3v1:APPLE2:APPLE1:GLES2,0"}},{"target":"d54pap","target_type":"d54p","target_variant":"ap","platform":"t8101","product_type":"iPhone13,4","product_description":"iPhone 12 Pro Max","compatible_device_fallback":"iPhone12,5","traits":{"preferred_architecture":"arm64e","artwork_device_idiom":"phone","artwork_hosted_idioms":"car","artwork_scale_factor":3,"artwork_device_subtype":2778,"artwork_display_gamut":"P3","device_performance_memory_class":6,"graphics_feature_set_class":"APPLE7","graphics_feature_set_fallbacks":"APPLE6:APPLE5:APPLE4:APPLE3:APPLE3v1:APPLE2:APPLE1:GLES2,0"}},{"target":"d63ap","target_type":"d63","target_variant":"ap","platform":"t8110","product_type":"iPhone14,2","product_description":"iPhone 13 Pro","compatible_device_fallback":"iPhone13,3","traits":{"preferred_architecture":"arm64e","artwork_device_idiom":"phone","artwork_hosted_idioms":"car","artwork_scale_factor":3,"artwork_device_subtype":2532,"artwork_display_gamut":"P3","device_performance_memory_class":6,"graphics_feature_set_class":"APPLE8","graphics_feature_set_fallbacks":"APPLE7:APPLE6:APPLE5:APPLE4:APPLE3:APPLE3v1:APPLE2:APPLE1:GLES2,0"}},{"target":"d64ap","target_type":"d64","target_variant":"ap","platform":"t8110","product_type":"iPhone14,3","product_description":"iPhone 13 Pro Max","compatible_device_fallback":"iPhone13,4","traits":{"preferred_architecture":"arm64e","artwork_device_idiom":"phone","artwork_hosted_idioms":"car","artwork_scale_factor":3,"artwork_device_subtype":2778,"artwork_display_gamut":"P3","device_performance_memory_class":6,"graphics_feature_set_class":"APPLE8","graphics_feature_set_fallbacks":"APPLE7:APPLE6:APPLE5:APPLE4:APPLE3:APPLE3v1:APPLE2:APPLE1:GLES2,0"}},{"target":"d16ap","target_type":"d16","target_variant":"ap","platform":"t8110","product_type":"iPhone14,4","product_description":"iPhone 13 mini","compatible_device_fallback":"iPhone13,1","traits":{"preferred_architecture":"arm64e","artwork_device_idiom":"phone","artwork_hosted_idioms":"car","artwork_scale_factor":3,"artwork_device_subtype":2340,"artwork_display_gamut":"P3","device_performance_memory_class":3,"graphics_feature_set_class":"APPLE8","graphics_feature_set_fallbacks":"APPLE7:APPLE6:APPLE5:APPLE4:APPLE3:APPLE3v1:APPLE2:APPLE1:GLES2,0"}},{"target":"d17ap","target_type":"d17","target_variant":"ap","platform":"t8110","product_type":"iPhone14,5","product_description":"iPhone 13","compatible_device_fallback":"iPhone13,2","traits":{"preferred_architecture":"arm64e","artwork_device_idiom":"phone","artwork_hosted_idioms":"car","artwork_scale_factor":3,"artwork_device_subtype":2532,"artwork_display_gamut":"P3","device_performance_memory_class":3,"graphics_feature_set_class":"APPLE8","graphics_feature_set_fallbacks":"APPLE7:APPLE6:APPLE5:APPLE4:APPLE3:APPLE3v1:APPLE2:APPLE1:GLES2,0"}},{"target":"d49ap","target_type":"d49","target_variant":"ap","platform":"t8110","product_type":"iPhone14,6","product_description":"iPhone SE (3rd generation)","compatible_device_fallback":"iPhone12,8","traits":{"preferred_architecture":"arm64e","artwork_device_idiom":"phone","artwork_hosted_idioms":"car","artwork_scale_factor":2,"artwork_device_subtype":569,"artwork_display_gamut":"P3","device_performance_memory_class":3,"graphics_feature_set_class":"APPLE8","graphics_feature_set_fallbacks":"APPLE7:APPLE6:APPLE5:APPLE4:APPLE3:APPLE3v1:APPLE2:APPLE1:GLES2,0"}},{"target":"d27ap","target_type":"d27","target_variant":"ap","platform":"t8110","product_type":"iPhone14,7","product_description":"iPhone 14","compatible_device_fallback":"iPhone14,5","traits":{"preferred_architecture":"arm64e","artwork_device_idiom":"phone","artwork_hosted_idioms":"car","artwork_scale_factor":3,"artwork_device_subtype":2532,"artwork_display_gamut":"P3","device_performance_memory_class":6,"graphics_feature_set_class":"APPLE8","graphics_feature_set_fallbacks":"APPLE7:APPLE6:APPLE5:APPLE4:APPLE3:APPLE3v1:APPLE2:APPLE1:GLES2,0"}},{"target":"d28ap","target_type":"d28","target_variant":"ap","platform":"t8110","product_type":"iPhone14,8","product_description":"iPhone 14 Plus","compatible_device_fallback":"iPhone14,5","traits":{"preferred_architecture":"arm64e","artwork_device_idiom":"phone","artwork_hosted_idioms":"car","artwork_scale_factor":3,"artwork_device_subtype":2778,"artwork_display_gamut":"P3","device_performance_memory_class":6,"graphics_feature_set_class":"APPLE8","graphics_feature_set_fallbacks":"APPLE7:APPLE6:APPLE5:APPLE4:APPLE3:APPLE3v1:APPLE2:APPLE1:GLES2,0"}},{"target":"d73ap","target_type":"d73","target_variant":"ap","platform":"t8120","product_type":"iPhone15,2","product_description":"iPhone 14 Pro","compatible_device_fallback":"iPhone14,2","traits":{"preferred_architecture":"arm64e","artwork_device_idiom":"phone","artwork_hosted_idioms":"car","artwork_scale_factor":3,"artwork_device_subtype":2556,"artwork_display_gamut":"P3","device_performance_memory_class":6,"graphics_feature_set_class":"APPLE8","graphics_feature_set_fallbacks":"APPLE7:APPLE6:APPLE5:APPLE4:APPLE3:APPLE3v1:APPLE2:APPLE1:GLES2,0"}},{"target":"d74ap","target_type":"d74","target_variant":"ap","platform":"t8120","product_type":"iPhone15,3","product_description":"iPhone 14 Pro Max","compatible_device_fallback":"iPhone14,3","traits":{"preferred_architecture":"arm64e","artwork_device_idiom":"phone","artwork_hosted_idioms":"car","artwork_scale_factor":3,"artwork_device_subtype":2796,"artwork_display_gamut":"P3","device_performance_memory_class":6,"graphics_feature_set_class":"APPLE8","graphics_feature_set_fallbacks":"APPLE7:APPLE6:APPLE5:APPLE4:APPLE3:APPLE3v1:APPLE2:APPLE1:GLES2,0"}},{"target":"k93ap","target_type":"k93","target_variant":"ap","platform":"s5l8940x","product_type":"iPad2,1","product_description":"iPad 2","traits":{"preferred_architecture":"armv7","artwork_device_idiom":"pad","artwork_scale_factor":1,"artwork_display_gamut":"sRGB","graphics_feature_set_class":"GLES2,0"}},{"target":"k94ap","target_type":"k94","target_variant":"ap","platform":"s5l8940x","product_type":"iPad2,2","product_description":"iPad 2","traits":{"preferred_architecture":"armv7","artwork_device_idiom":"pad","artwork_scale_factor":1,"artwork_display_gamut":"sRGB","graphics_feature_set_class":"GLES2,0"}},{"target":"k95ap","target_type":"k95","target_variant":"ap","platform":"s5l8940x","product_type":"iPad2,3","product_description":"iPad 2","traits":{"preferred_architecture":"armv7","artwork_device_idiom":"pad","artwork_scale_factor":1,"artwork_display_gamut":"sRGB","graphics_feature_set_class":"GLES2,0"}},{"target":"k93aap","target_type":"k93a","target_variant":"ap","platform":"s5l8942x","product_type":"iPad2,4","product_description":"iPad 2","traits":{"preferred_architecture":"armv7","artwork_device_idiom":"pad","artwork_scale_factor":1,"artwork_display_gamut":"sRGB","graphics_feature_set_class":"GLES2,0"}},{"target":"p105ap","target_type":"p105","target_variant":"ap","platform":"s5l8942x","product_type":"iPad2,5","product_description":"iPad mini","traits":{"preferred_architecture":"armv7","artwork_device_idiom":"pad","artwork_scale_factor":1,"artwork_display_gamut":"sRGB","graphics_feature_set_class":"GLES2,0"}},{"target":"p106ap","target_type":"p106","target_variant":"ap","platform":"s5l8942x","product_type":"iPad2,6","product_description":"iPad mini","traits":{"preferred_architecture":"armv7","artwork_device_idiom":"pad","artwork_scale_factor":1,"artwork_display_gamut":"sRGB","graphics_feature_set_class":"GLES2,0"}},{"target":"p107ap","target_type":"p107","target_variant":"ap","platform":"s5l8942x","product_type":"iPad2,7","product_description":"iPad mini","traits":{"preferred_architecture":"armv7","artwork_device_idiom":"pad","artwork_scale_factor":1,"artwork_display_gamut":"sRGB","graphics_feature_set_class":"GLES2,0"}},{"target":"j1ap","target_type":"j1","target_variant":"ap","platform":"s5l8945x","product_type":"iPad3,1","product_description":"iPad (3rd generation)","traits":{"preferred_architecture":"armv7","artwork_device_idiom":"pad","artwork_scale_factor":2,"artwork_display_gamut":"sRGB","device_performance_memory_class":1,"graphics_feature_set_class":"GLES2,0"}},{"target":"j2ap","target_type":"j2","target_variant":"ap","platform":"s5l8945x","product_type":"iPad3,2","product_description":"iPad (3rd generation)","traits":{"preferred_architecture":"armv7","artwork_device_idiom":"pad","artwork_scale_factor":2,"artwork_display_gamut":"sRGB","device_performance_memory_class":1,"graphics_feature_set_class":"GLES2,0"}},{"target":"j2aap","target_type":"j2a","target_variant":"ap","platform":"s5l8945x","product_type":"iPad3,3","product_description":"iPad (3rd generation)","traits":{"preferred_architecture":"armv7","artwork_device_idiom":"pad","artwork_scale_factor":2,"artwork_display_gamut":"sRGB","device_performance_memory_class":1,"graphics_feature_set_class":"GLES2,0"}},{"target":"p101ap","target_type":"p101","target_variant":"ap","platform":"s5l8955x","product_type":"iPad3,4","product_description":"iPad (4th generation)","traits":{"preferred_architecture":"armv7s","artwork_device_idiom":"pad","artwork_scale_factor":2,"artwork_display_gamut":"sRGB","device_performance_memory_class":1,"graphics_feature_set_class":"GLES2,0"}},{"target":"p102ap","target_type":"p102","target_variant":"ap","platform":"s5l8955x","product_type":"iPad3,5","product_description":"iPad (4th generation)","traits":{"preferred_architecture":"armv7s","artwork_device_idiom":"pad","artwork_scale_factor":2,"artwork_display_gamut":"sRGB","device_performance_memory_class":1,"graphics_feature_set_class":"GLES2,0"}},{"target":"p103ap","target_type":"p103","target_variant":"ap","platform":"s5l8955x","product_type":"iPad3,6","product_description":"iPad (4th generation)","traits":{"preferred_architecture":"armv7s","artwork_device_idiom":"pad","artwork_scale_factor":2,"artwork_display_gamut":"sRGB","device_performance_memory_class":1,"graphics_feature_set_class":"GLES2,0"}},{"target":"j71ap","target_type":"j71","target_variant":"ap","platform":"s5l8960x","product_type":"iPad4,1","product_description":"iPad Air","traits":{"preferred_architecture":"arm64","artwork_device_idiom":"pad","artwork_scale_factor":2,"artwork_display_gamut":"sRGB","device_performance_memory_class":1,"graphics_feature_set_class":"MTL1,2","graphics_feature_set_fallbacks":"GLES2,0"}},{"target":"j72ap","target_type":"j72","target_variant":"ap","platform":"s5l8960x","product_type":"iPad4,2","product_description":"iPad Air","traits":{"preferred_architecture":"arm64","artwork_device_idiom":"pad","artwork_scale_factor":2,"artwork_display_gamut":"sRGB","device_performance_memory_class":1,"graphics_feature_set_class":"MTL1,2","graphics_feature_set_fallbacks":"GLES2,0"}},{"target":"j73ap","target_type":"j73","target_variant":"ap","platform":"s5l8960x","product_type":"iPad4,3","product_description":"iPad Air","traits":{"preferred_architecture":"arm64","artwork_device_idiom":"pad","artwork_scale_factor":2,"artwork_display_gamut":"sRGB","device_performance_memory_class":1,"graphics_feature_set_class":"MTL1,2","graphics_feature_set_fallbacks":"GLES2,0"}},{"target":"j85ap","target_type":"j85","target_variant":"ap","platform":"s5l8960x","product_type":"iPad4,4","product_description":"iPad mini 2","traits":{"preferred_architecture":"arm64","artwork_device_idiom":"pad","artwork_scale_factor":2,"artwork_display_gamut":"sRGB","device_performance_memory_class":1,"graphics_feature_set_class":"MTL1,2","graphics_feature_set_fallbacks":"GLES2,0"}},{"target":"j86ap","target_type":"j86","target_variant":"ap","platform":"s5l8960x","product_type":"iPad4,5","product_description":"iPad mini 2","traits":{"preferred_architecture":"arm64","artwork_device_idiom":"pad","artwork_scale_factor":2,"artwork_display_gamut":"sRGB","device_performance_memory_class":1,"graphics_feature_set_class":"MTL1,2","graphics_feature_set_fallbacks":"GLES2,0"}},{"target":"j87ap","target_type":"j87","target_variant":"ap","platform":"s5l8960x","product_type":"iPad4,6","product_description":"iPad mini 2","traits":{"preferred_architecture":"arm64","artwork_device_idiom":"pad","artwork_scale_factor":2,"artwork_display_gamut":"sRGB","device_performance_memory_class":1,"graphics_feature_set_class":"MTL1,2","graphics_feature_set_fallbacks":"GLES2,0"}},{"target":"j85map","target_type":"j85m","target_variant":"ap","platform":"s5l8960x","product_type":"iPad4,7","product_description":"iPad mini 3","traits":{"preferred_architecture":"arm64","artwork_device_idiom":"pad","artwork_scale_factor":2,"artwork_display_gamut":"sRGB","device_performance_memory_class":1,"graphics_feature_set_class":"MTL1,2","graphics_feature_set_fallbacks":"GLES2,0"}},{"target":"j86map","target_type":"j86m","target_variant":"ap","platform":"s5l8960x","product_type":"iPad4,8","product_description":"iPad mini 3","traits":{"preferred_architecture":"arm64","artwork_device_idiom":"pad","artwork_scale_factor":2,"artwork_display_gamut":"sRGB","device_performance_memory_class":1,"graphics_feature_set_class":"MTL1,2","graphics_feature_set_fallbacks":"GLES2,0"}},{"target":"j87map","target_type":"j87m","target_variant":"ap","platform":"s5l8960x","product_type":"iPad4,9","product_description":"iPad mini 3","traits":{"preferred_architecture":"arm64","artwork_device_idiom":"pad","artwork_scale_factor":2,"artwork_display_gamut":"sRGB","device_performance_memory_class":1,"graphics_feature_set_class":"MTL1,2","graphics_feature_set_fallbacks":"GLES2,0"}},{"target":"j96ap","target_type":"j96","target_variant":"ap","platform":"t7000","product_type":"iPad5,1","product_description":"iPad mini 4","compatible_device_fallback":"iPad5,3","traits":{"preferred_architecture":"arm64","artwork_device_idiom":"pad","artwork_scale_factor":2,"artwork_display_gamut":"sRGB","device_performance_memory_class":2,"graphics_feature_set_class":"APPLE2","graphics_feature_set_fallbacks":"APPLE1:GLES2,0"}},{"target":"j97ap","target_type":"j97","target_variant":"ap","platform":"t7000","product_type":"iPad5,2","product_description":"iPad mini 4","compatible_device_fallback":"iPad5,4","traits":{"preferred_architecture":"arm64","artwork_device_idiom":"pad","artwork_scale_factor":2,"artwork_display_gamut":"sRGB","device_performance_memory_class":2,"graphics_feature_set_class":"APPLE2","graphics_feature_set_fallbacks":"APPLE1:GLES2,0"}},{"target":"j81ap","target_type":"j81","target_variant":"ap","platform":"t7001","product_type":"iPad5,3","product_description":"iPad Air 2","traits":{"preferred_architecture":"arm64","artwork_device_idiom":"pad","artwork_scale_factor":2,"artwork_display_gamut":"sRGB","device_performance_memory_class":2,"graphics_feature_set_class":"APPLE2","graphics_feature_set_fallbacks":"APPLE1:GLES2,0"}},{"target":"j82ap","target_type":"j82","target_variant":"ap","platform":"t7001","product_type":"iPad5,4","product_description":"iPad Air 2","traits":{"preferred_architecture":"arm64","artwork_device_idiom":"pad","artwork_scale_factor":2,"artwork_display_gamut":"sRGB","device_performance_memory_class":2,"graphics_feature_set_class":"APPLE2","graphics_feature_set_fallbacks":"APPLE1:GLES2,0"}},{"target":"n94ap","target_type":"n94","target_variant":"ap","platform":"s5l8940x","product_type":"iPhone4,1","product_description":"iPhone 4S","traits":{"preferred_architecture":"armv7","artwork_device_idiom":"phone","artwork_scale_factor":2,"artwork_display_gamut":"sRGB","graphics_feature_set_class":"GLES2,0"}},{"target":"n41ap","target_type":"n41","target_variant":"ap","platform":"s5l8950x","product_type":"iPhone5,1","product_description":"iPhone 5","traits":{"preferred_architecture":"armv7s","artwork_device_idiom":"phone","artwork_hosted_idioms":"car,watch","artwork_scale_factor":2,"artwork_device_subtype":568,"artwork_display_gamut":"sRGB","device_performance_memory_class":1,"graphics_feature_set_class":"GLES2,0"}},{"target":"n42ap","target_type":"n42","target_variant":"ap","platform":"s5l8950x","product_type":"iPhone5,2","product_description":"iPhone 5","traits":{"preferred_architecture":"armv7s","artwork_device_idiom":"phone","artwork_hosted_idioms":"car,watch","artwork_scale_factor":2,"artwork_device_subtype":568,"artwork_display_gamut":"sRGB","device_performance_memory_class":1,"graphics_feature_set_class":"GLES2,0"}},{"target":"n48ap","target_type":"n48","target_variant":"ap","platform":"s5l8950x","product_type":"iPhone5,3","product_description":"iPhone 5c","traits":{"preferred_architecture":"armv7s","artwork_device_idiom":"phone","artwork_hosted_idioms":"car,watch","artwork_scale_factor":2,"artwork_device_subtype":568,"artwork_display_gamut":"sRGB","device_performance_memory_class":1,"graphics_feature_set_class":"GLES2,0"}},{"target":"n49ap","target_type":"n49","target_variant":"ap","platform":"s5l8950x","product_type":"iPhone5,4","product_description":"iPhone 5c","traits":{"preferred_architecture":"armv7s","artwork_device_idiom":"phone","artwork_hosted_idioms":"car,watch","artwork_scale_factor":2,"artwork_device_subtype":568,"artwork_display_gamut":"sRGB","device_performance_memory_class":1,"graphics_feature_set_class":"GLES2,0"}},{"target":"n51ap","target_type":"n51","target_variant":"ap","platform":"s5l8960x","product_type":"iPhone6,1","product_description":"iPhone 5s","traits":{"preferred_architecture":"arm64","artwork_device_idiom":"phone","artwork_hosted_idioms":"car,watch","artwork_scale_factor":2,"artwork_device_subtype":568,"artwork_display_gamut":"sRGB","device_performance_memory_class":1,"graphics_feature_set_class":"MTL1,2","graphics_feature_set_fallbacks":"GLES2,0"}},{"target":"n53ap","target_type":"n53","target_variant":"ap","platform":"s5l8960x","product_type":"iPhone6,2","product_description":"iPhone 5s","traits":{"preferred_architecture":"arm64","artwork_device_idiom":"phone","artwork_hosted_idioms":"car,watch","artwork_scale_factor":2,"artwork_device_subtype":568,"artwork_display_gamut":"sRGB","device_performance_memory_class":1,"graphics_feature_set_class":"MTL1,2","graphics_feature_set_fallbacks":"GLES2,0"}},{"target":"n56ap","target_type":"n56","target_variant":"ap","platform":"t7000","product_type":"iPhone7,1","product_description":"iPhone 6 Plus","traits":{"preferred_architecture":"arm64","artwork_device_idiom":"phone","artwork_hosted_idioms":"car,watch","artwork_scale_factor":3,"artwork_device_subtype":570,"artwork_display_gamut":"sRGB","device_performance_memory_class":1,"graphics_feature_set_class":"MTL2,2","graphics_feature_set_fallbacks":"MTL1,2:GLES2,0"}},{"target":"n61ap","target_type":"n61","target_variant":"ap","platform":"t7000","product_type":"iPhone7,2","product_description":"iPhone 6","traits":{"preferred_architecture":"arm64","artwork_device_idiom":"phone","artwork_hosted_idioms":"car,watch","artwork_scale_factor":2,"artwork_device_subtype":569,"artwork_display_gamut":"sRGB","device_performance_memory_class":1,"graphics_feature_set_class":"MTL2,2","graphics_feature_set_fallbacks":"MTL1,2:GLES2,0"}},{"target":"n71map","target_type":"n71m","target_variant":"ap","platform":"s8003","product_type":"iPhone8,1","product_description":"iPhone 6s","traits":{"preferred_architecture":"arm64","artwork_device_idiom":"phone","artwork_hosted_idioms":"car","artwork_scale_factor":2,"artwork_device_subtype":569,"artwork_display_gamut":"sRGB","device_performance_memory_class":2,"graphics_feature_set_class":"APPLE3","graphics_feature_set_fallbacks":"APPLE3v1:APPLE2:APPLE1:GLES2,0"}},{"target":"n71ap","target_type":"n71","target_variant":"ap","platform":"s8000","product_type":"iPhone8,1","product_description":"iPhone 6s","traits":{"preferred_architecture":"arm64","artwork_device_idiom":"phone","artwork_hosted_idioms":"car","artwork_scale_factor":2,"artwork_device_subtype":569,"artwork_display_gamut":"sRGB","device_performance_memory_class":2,"graphics_feature_set_class":"APPLE3","graphics_feature_set_fallbacks":"APPLE3v1:APPLE2:APPLE1:GLES2,0"}},{"target":"n66map","target_type":"n66m","target_variant":"ap","platform":"s8003","product_type":"iPhone8,2","product_description":"iPhone 6s Plus","traits":{"preferred_architecture":"arm64","artwork_device_idiom":"phone","artwork_hosted_idioms":"car","artwork_scale_factor":3,"artwork_device_subtype":570,"artwork_display_gamut":"sRGB","device_performance_memory_class":2,"graphics_feature_set_class":"APPLE3","graphics_feature_set_fallbacks":"APPLE3v1:APPLE2:APPLE1:GLES2,0"}},{"target":"n66ap","target_type":"n66","target_variant":"ap","platform":"s8000","product_type":"iPhone8,2","product_description":"iPhone 6s Plus","traits":{"preferred_architecture":"arm64","artwork_device_idiom":"phone","artwork_hosted_idioms":"car","artwork_scale_factor":3,"artwork_device_subtype":570,"artwork_display_gamut":"sRGB","device_performance_memory_class":2,"graphics_feature_set_class":"APPLE3","graphics_feature_set_fallbacks":"APPLE3v1:APPLE2:APPLE1:GLES2,0"}},{"target":"n69uap","target_type":"n69u","target_variant":"ap","platform":"s8000","product_type":"iPhone8,4","product_description":"iPhone SE (1st generation)","traits":{"preferred_architecture":"arm64","artwork_device_idiom":"phone","artwork_hosted_idioms":"car","artwork_scale_factor":2,"artwork_device_subtype":568,"artwork_display_gamut":"sRGB","device_performance_memory_class":2,"graphics_feature_set_class":"APPLE3","graphics_feature_set_fallbacks":"APPLE3v1:APPLE2:APPLE1:GLES2,0"}},{"target":"n69ap","target_type":"n69","target_variant":"ap","platform":"s8003","product_type":"iPhone8,4","product_description":"iPhone SE (1st generation)","traits":{"preferred_architecture":"arm64","artwork_device_idiom":"phone","artwork_hosted_idioms":"car","artwork_scale_factor":2,"artwork_device_subtype":568,"artwork_display_gamut":"sRGB","device_performance_memory_class":2,"graphics_feature_set_class":"APPLE3","graphics_feature_set_fallbacks":"APPLE3v1:APPLE2:APPLE1:GLES2,0"}},{"target":"d10ap","target_type":"d10","target_variant":"ap","platform":"t8010","product_type":"iPhone9,1","product_description":"iPhone 7","compatible_device_fallback":"iPhone8,1","traits":{"preferred_architecture":"arm64","artwork_device_idiom":"phone","artwork_hosted_idioms":"car","artwork_scale_factor":2,"artwork_device_subtype":569,"artwork_display_gamut":"P3","device_performance_memory_class":2,"graphics_feature_set_class":"APPLE3","graphics_feature_set_fallbacks":"APPLE3v1:APPLE2:APPLE1:GLES2,0"}},{"target":"d11ap","target_type":"d11","target_variant":"ap","platform":"t8010","product_type":"iPhone9,2","product_description":"iPhone 7 Plus","compatible_device_fallback":"iPhone8,2","traits":{"preferred_architecture":"arm64","artwork_device_idiom":"phone","artwork_hosted_idioms":"car","artwork_scale_factor":3,"artwork_device_subtype":570,"artwork_display_gamut":"P3","device_performance_memory_class":4,"graphics_feature_set_class":"APPLE3","graphics_feature_set_fallbacks":"APPLE3v1:APPLE2:APPLE1:GLES2,0"}},{"target":"d101ap","target_type":"d101","target_variant":"ap","platform":"t8010","product_type":"iPhone9,3","product_description":"iPhone 7","compatible_device_fallback":"iPhone8,1","traits":{"preferred_architecture":"arm64","artwork_device_idiom":"phone","artwork_hosted_idioms":"car","artwork_scale_factor":2,"artwork_device_subtype":569,"artwork_display_gamut":"P3","device_performance_memory_class":2,"graphics_feature_set_class":"APPLE3","graphics_feature_set_fallbacks":"APPLE3v1:APPLE2:APPLE1:GLES2,0"}},{"target":"d111ap","target_type":"d111","target_variant":"ap","platform":"t8010","product_type":"iPhone9,4","product_description":"iPhone 7 Plus","compatible_device_fallback":"iPhone8,2","traits":{"preferred_architecture":"arm64","artwork_device_idiom":"phone","artwork_hosted_idioms":"car","artwork_scale_factor":3,"artwork_device_subtype":570,"artwork_display_gamut":"P3","device_performance_memory_class":4,"graphics_feature_set_class":"APPLE3","graphics_feature_set_fallbacks":"APPLE3v1:APPLE2:APPLE1:GLES2,0"}},{"target":"n78ap","target_type":"n78","target_variant":"ap","platform":"s5l8942x","product_type":"iPod5,1","product_description":"iPod touch","traits":{"preferred_architecture":"armv7","artwork_device_idiom":"phone","artwork_scale_factor":2,"artwork_device_subtype":568,"artwork_display_gamut":"sRGB","graphics_feature_set_class":"GLES2,0"}},{"target":"n102ap","target_type":"n102","target_variant":"ap","platform":"t7000","product_type":"iPod7,1","product_description":"iPod touch (6th generation)","traits":{"preferred_architecture":"arm64","artwork_device_idiom":"phone","artwork_scale_factor":2,"artwork_device_subtype":568,"artwork_display_gamut":"sRGB","device_performance_memory_class":1,"graphics_feature_set_class":"MTL2,2","graphics_feature_set_fallbacks":"MTL1,2:GLES2,0"}},{"target":"n112ap","target_type":"n112","target_variant":"ap","platform":"t8010","product_type":"iPod9,1","product_description":"iPod touch (7th generation)","compatible_device_fallback":"iPhone8,4","traits":{"preferred_architecture":"arm64","artwork_device_idiom":"phone","artwork_scale_factor":2,"artwork_device_subtype":568,"artwork_display_gamut":"sRGB","device_performance_memory_class":2,"graphics_feature_set_class":"APPLE3","graphics_feature_set_fallbacks":"APPLE3v1:APPLE2:APPLE1:GLES2,0"}},{"target":"j305ap","target_type":"j305","target_variant":"ap","platform":"t8020","product_type":"AppleTV11,1","product_description":"Apple TV 4K (2nd generation)","compatible_device_fallback":"AppleTV6,2","traits":{"preferred_architecture":"arm64e","artwork_device_idiom":"tv","artwork_scale_factor":2,"artwork_device_subtype":3840,"artwork_display_gamut":"P3","artwork_dynamic_display_mode":"1080pSDR","device_performance_memory_class":4,"graphics_feature_set_class":"MTL5,1","graphics_feature_set_fallbacks":"MTL4,1:MTL3,2:MTL3,1:MTL2,2:MTL1,2:GLES2,0"}},{"target":"j255ap","target_type":"j255","target_variant":"ap","platform":"t8110","product_type":"AppleTV14,1","product_description":"Apple TV 4K (3rd generation)","compatible_device_fallback":"AppleTV11,1","traits":{"preferred_architecture":"arm64e","artwork_device_idiom":"tv","artwork_scale_factor":2,"artwork_device_subtype":3840,"artwork_display_gamut":"P3","artwork_dynamic_display_mode":"1080pSDR","device_performance_memory_class":3,"graphics_feature_set_class":"APPLE8","graphics_feature_set_fallbacks":"APPLE7:APPLE6:APPLE5:APPLE4:APPLE3:APPLE3v1:APPLE2:APPLE1:GLES2,0"}},{"target":"j42dap","target_type":"j42d","target_variant":"ap","platform":"t7000","product_type":"AppleTV5,3","product_description":"Apple TV","traits":{"preferred_architecture":"arm64","artwork_device_idiom":"tv","artwork_scale_factor":1,"artwork_display_gamut":"sRGB","device_performance_memory_class":2,"graphics_feature_set_class":"APPLE2","graphics_feature_set_fallbacks":"APPLE1:GLES2,0"}},{"target":"j105aap","target_type":"j105a","target_variant":"ap","platform":"t8011","product_type":"AppleTV6,2","product_description":"Apple TV 4K","compatible_device_fallback":"AppleTV5,3","traits":{"preferred_architecture":"arm64","artwork_device_idiom":"tv","artwork_scale_factor":2,"artwork_device_subtype":3840,"artwork_display_gamut":"P3","artwork_dynamic_display_mode":"1080pSDR","device_performance_memory_class":4,"graphics_feature_set_class":"APPLE3","graphics_feature_set_fallbacks":"APPLE3v1:APPLE2:APPLE1:GLES2,0"}},{"target":"j33ap","target_type":"j33","target_variant":"ap","platform":"s5l8942x","product_type":"AppleTV3,1","product_description":"AppleTV","traits":{"preferred_architecture":"armv7","artwork_device_idiom":"tv","artwork_scale_factor":1,"artwork_display_gamut":"sRGB","graphics_feature_set_class":"GLES2,0"}},{"target":"j33iap","target_type":"j33i","target_variant":"ap","platform":"s5l8947x","product_type":"AppleTV3,2","product_description":"AppleTV","traits":{"preferred_architecture":"armv7","artwork_device_idiom":"tv","artwork_scale_factor":1,"artwork_display_gamut":"sRGB","graphics_feature_set_class":"GLES2,0"}},{"target":"n131sap","target_type":"n131s","target_variant":"ap","platform":"t8006","product_type":"Watch4,1","product_description":"Apple Watch Series 4","compatible_device_fallback":"Watch3,1","traits":{"preferred_architecture":"arm64e","artwork_device_idiom":"watch","artwork_scale_factor":2,"artwork_device_subtype":340,"artwork_display_gamut":"P3","device_performance_memory_class":1,"graphics_feature_set_class":"APPLE5","graphics_feature_set_fallbacks":"APPLE3:APPLE2:GLES2,0"}},{"target":"n131bap","target_type":"n131b","target_variant":"ap","platform":"t8006","product_type":"Watch4,2","product_description":"Apple Watch Series 4","compatible_device_fallback":"Watch3,2","traits":{"preferred_architecture":"arm64e","artwork_device_idiom":"watch","artwork_scale_factor":2,"artwork_device_subtype":390,"artwork_display_gamut":"P3","device_performance_memory_class":1,"graphics_feature_set_class":"APPLE5","graphics_feature_set_fallbacks":"APPLE3:APPLE2:GLES2,0"}},{"target":"n141sap","target_type":"n141s","target_variant":"ap","platform":"t8006","product_type":"Watch4,3","product_description":"Apple Watch Series 4","compatible_device_fallback":"Watch3,3","traits":{"preferred_architecture":"arm64e","artwork_device_idiom":"watch","artwork_scale_factor":2,"artwork_device_subtype":340,"artwork_display_gamut":"P3","device_performance_memory_class":1,"graphics_feature_set_class":"APPLE5","graphics_feature_set_fallbacks":"APPLE3:APPLE2:GLES2,0"}},{"target":"n141bap","target_type":"n141b","target_variant":"ap","platform":"t8006","product_type":"Watch4,4","product_description":"Apple Watch Series 4","compatible_device_fallback":"Watch3,4","traits":{"preferred_architecture":"arm64e","artwork_device_idiom":"watch","artwork_scale_factor":2,"artwork_device_subtype":390,"artwork_display_gamut":"P3","device_performance_memory_class":1,"graphics_feature_set_class":"APPLE5","graphics_feature_set_fallbacks":"APPLE3:APPLE2:GLES2,0"}},{"target":"n144sap","target_type":"n144s","target_variant":"ap","platform":"t8006","product_type":"Watch5,1","product_description":"Apple Watch Series 5","compatible_device_fallback":"Watch4,1","traits":{"preferred_architecture":"arm64e","artwork_device_idiom":"watch","artwork_scale_factor":2,"artwork_device_subtype":340,"artwork_display_gamut":"P3","device_performance_memory_class":1,"graphics_feature_set_class":"APPLE5","graphics_feature_set_fallbacks":"APPLE3:APPLE2:GLES2,0"}},{"target":"n140bap","target_type":"n140b","target_variant":"ap","platform":"t8006","product_type":"Watch5,10","product_description":"Apple Watch SE (GPS)","compatible_device_fallback":"Watch5,2","traits":{"preferred_architecture":"arm64e","artwork_device_idiom":"watch","artwork_scale_factor":2,"artwork_device_subtype":390,"artwork_display_gamut":"P3","device_performance_memory_class":1,"graphics_feature_set_class":"APPLE5","graphics_feature_set_fallbacks":"APPLE3:APPLE2:GLES2,0"}},{"target":"n142sap","target_type":"n142s","target_variant":"ap","platform":"t8006","product_type":"Watch5,11","product_description":"Apple Watch SE (GPS + Cellular)","compatible_device_fallback":"Watch5,3","traits":{"preferred_architecture":"arm64e","artwork_device_idiom":"watch","artwork_scale_factor":2,"artwork_device_subtype":340,"artwork_display_gamut":"P3","device_performance_memory_class":1,"graphics_feature_set_class":"APPLE5","graphics_feature_set_fallbacks":"APPLE3:APPLE2:GLES2,0"}},{"target":"n142bap","target_type":"n142b","target_variant":"ap","platform":"t8006","product_type":"Watch5,12","product_description":"Apple Watch SE (GPS + Cellular)","compatible_device_fallback":"Watch5,4","traits":{"preferred_architecture":"arm64e","artwork_device_idiom":"watch","artwork_scale_factor":2,"artwork_device_subtype":390,"artwork_display_gamut":"P3","device_performance_memory_class":1,"graphics_feature_set_class":"APPLE5","graphics_feature_set_fallbacks":"APPLE3:APPLE2:GLES2,0"}},{"target":"n144bap","target_type":"n144b","target_variant":"ap","platform":"t8006","product_type":"Watch5,2","product_description":"Apple Watch Series 5","compatible_device_fallback":"Watch4,2","traits":{"preferred_architecture":"arm64e","artwork_device_idiom":"watch","artwork_scale_factor":2,"artwork_device_subtype":390,"artwork_display_gamut":"P3","device_performance_memory_class":1,"graphics_feature_set_class":"APPLE5","graphics_feature_set_fallbacks":"APPLE3:APPLE2:GLES2,0"}},{"target":"n146sap","target_type":"n146s","target_variant":"ap","platform":"t8006","product_type":"Watch5,3","product_description":"Apple Watch Series 5","compatible_device_fallback":"Watch4,3","traits":{"preferred_architecture":"arm64e","artwork_device_idiom":"watch","artwork_scale_factor":2,"artwork_device_subtype":340,"artwork_display_gamut":"P3","device_performance_memory_class":1,"graphics_feature_set_class":"APPLE5","graphics_feature_set_fallbacks":"APPLE3:APPLE2:GLES2,0"}},{"target":"n146bap","target_type":"n146b","target_variant":"ap","platform":"t8006","product_type":"Watch5,4","product_description":"Apple Watch Series 5","compatible_device_fallback":"Watch4,4","traits":{"preferred_architecture":"arm64e","artwork_device_idiom":"watch","artwork_scale_factor":2,"artwork_device_subtype":390,"artwork_display_gamut":"P3","device_performance_memory_class":1,"graphics_feature_set_class":"APPLE5","graphics_feature_set_fallbacks":"APPLE3:APPLE2:GLES2,0"}},{"target":"n140sap","target_type":"n140s","target_variant":"ap","platform":"t8006","product_type":"Watch5,9","product_description":"Apple Watch SE (GPS)","compatible_device_fallback":"Watch5,1","traits":{"preferred_architecture":"arm64e","artwork_device_idiom":"watch","artwork_scale_factor":2,"artwork_device_subtype":340,"artwork_display_gamut":"P3","device_performance_memory_class":1,"graphics_feature_set_class":"APPLE5","graphics_feature_set_fallbacks":"APPLE3:APPLE2:GLES2,0"}},{"target":"n157sap","target_type":"n157s","target_variant":"ap","platform":"t8301","product_type":"Watch6,1","product_description":"Apple Watch Series 6 (GPS)","compatible_device_fallback":"Watch5,1","traits":{"preferred_architecture":"arm64e","artwork_device_idiom":"watch","artwork_scale_factor":2,"artwork_device_subtype":340,"artwork_display_gamut":"P3","device_performance_memory_class":15,"graphics_feature_set_class":"APPLE5","graphics_feature_set_fallbacks":"APPLE3:APPLE2:GLES2,0"}},{"target":"n143sap","target_type":"n143s","target_variant":"ap","platform":"t8301","product_type":"Watch6,10","product_description":"Apple Watch SE (GPS)","compatible_device_fallback":"Watch6,1","traits":{"preferred_architecture":"arm64e","artwork_device_idiom":"watch","artwork_scale_factor":2,"artwork_device_subtype":340,"artwork_display_gamut":"P3","device_performance_memory_class":15,"graphics_feature_set_class":"APPLE5","graphics_feature_set_fallbacks":"APPLE4:APPLE3:APPLE2:GLES2,0"}},{"target":"n143bap","target_type":"n143b","target_variant":"ap","platform":"t8301","product_type":"Watch6,11","product_description":"Apple Watch SE (GPS)","compatible_device_fallback":"Watch6,2","traits":{"preferred_architecture":"arm64e","artwork_device_idiom":"watch","artwork_scale_factor":2,"artwork_device_subtype":390,"artwork_display_gamut":"P3","device_performance_memory_class":15,"graphics_feature_set_class":"APPLE5","graphics_feature_set_fallbacks":"APPLE4:APPLE3:APPLE2:GLES2,0"}},{"target":"n149sap","target_type":"n149s","target_variant":"ap","platform":"t8301","product_type":"Watch6,12","product_description":"Apple Watch SE (GPS + Cellular)","compatible_device_fallback":"Watch6,3","traits":{"preferred_architecture":"arm64e","artwork_device_idiom":"watch","artwork_scale_factor":2,"artwork_device_subtype":340,"artwork_display_gamut":"P3","device_performance_memory_class":15,"graphics_feature_set_class":"APPLE5","graphics_feature_set_fallbacks":"APPLE4:APPLE3:APPLE2:GLES2,0"}},{"target":"n149bap","target_type":"n149b","target_variant":"ap","platform":"t8301","product_type":"Watch6,13","product_description":"Apple Watch SE (GPS + Cellular)","compatible_device_fallback":"Watch6,4","traits":{"preferred_architecture":"arm64e","artwork_device_idiom":"watch","artwork_scale_factor":2,"artwork_device_subtype":390,"artwork_display_gamut":"P3","device_performance_memory_class":15,"graphics_feature_set_class":"APPLE5","graphics_feature_set_fallbacks":"APPLE4:APPLE3:APPLE2:GLES2,0"}},{"target":"n197sap","target_type":"n197s","target_variant":"ap","platform":"t8301","product_type":"Watch6,14","product_description":"Apple Watch Series 8 (GPS)","compatible_device_fallback":"Watch6,1","traits":{"preferred_architecture":"arm64e","artwork_device_idiom":"watch","artwork_scale_factor":2,"artwork_device_subtype":430,"artwork_display_gamut":"P3","device_performance_memory_class":15,"graphics_feature_set_class":"APPLE5","graphics_feature_set_fallbacks":"APPLE4:APPLE3:APPLE2:GLES2,0"}},{"target":"n197bap","target_type":"n197b","target_variant":"ap","platform":"t8301","product_type":"Watch6,15","product_description":"Apple Watch Series 8 (GPS)","compatible_device_fallback":"Watch6,2","traits":{"preferred_architecture":"arm64e","artwork_device_idiom":"watch","artwork_scale_factor":2,"artwork_device_subtype":484,"artwork_display_gamut":"P3","device_performance_memory_class":15,"graphics_feature_set_class":"APPLE5","graphics_feature_set_fallbacks":"APPLE4:APPLE3:APPLE2:GLES2,0"}},{"target":"n198sap","target_type":"n198s","target_variant":"ap","platform":"t8301","product_type":"Watch6,16","product_description":"Apple Watch Series 8 (GPS + Cellular)","compatible_device_fallback":"Watch6,3","traits":{"preferred_architecture":"arm64e","artwork_device_idiom":"watch","artwork_scale_factor":2,"artwork_device_subtype":430,"artwork_display_gamut":"P3","device_performance_memory_class":15,"graphics_feature_set_class":"APPLE5","graphics_feature_set_fallbacks":"APPLE4:APPLE3:APPLE2:GLES2,0"}},{"target":"n198bap","target_type":"n198b","target_variant":"ap","platform":"t8301","product_type":"Watch6,17","product_description":"Apple Watch Series 8 (GPS + Cellular)","compatible_device_fallback":"Watch6,4","traits":{"preferred_architecture":"arm64e","artwork_device_idiom":"watch","artwork_scale_factor":2,"artwork_device_subtype":484,"artwork_display_gamut":"P3","device_performance_memory_class":15,"graphics_feature_set_class":"APPLE5","graphics_feature_set_fallbacks":"APPLE4:APPLE3:APPLE2:GLES2,0"}},{"target":"n199ap","target_type":"n199","target_variant":"ap","platform":"t8301","product_type":"Watch6,18","product_description":"Apple Watch Ultra","compatible_device_fallback":"Watch6,9","traits":{"preferred_architecture":"arm64e","artwork_device_idiom":"watch","artwork_scale_factor":2,"artwork_device_subtype":502,"artwork_display_gamut":"P3","device_performance_memory_class":15,"graphics_feature_set_class":"APPLE5","graphics_feature_set_fallbacks":"APPLE4:APPLE3:APPLE2:GLES2,0"}},{"target":"n157bap","target_type":"n157b","target_variant":"ap","platform":"t8301","product_type":"Watch6,2","product_description":"Apple Watch Series 6 (GPS)","compatible_device_fallback":"Watch5,2","traits":{"preferred_architecture":"arm64e","artwork_device_idiom":"watch","artwork_scale_factor":2,"artwork_device_subtype":390,"artwork_display_gamut":"P3","device_performance_memory_class":15,"graphics_feature_set_class":"APPLE5","graphics_feature_set_fallbacks":"APPLE3:APPLE2:GLES2,0"}},{"target":"n158sap","target_type":"n158s","target_variant":"ap","platform":"t8301","product_type":"Watch6,3","product_description":"Apple Watch Series 6 (GPS + Cellular)","compatible_device_fallback":"Watch5,3","traits":{"preferred_architecture":"arm64e","artwork_device_idiom":"watch","artwork_scale_factor":2,"artwork_device_subtype":340,"artwork_display_gamut":"P3","device_performance_memory_class":15,"graphics_feature_set_class":"APPLE5","graphics_feature_set_fallbacks":"APPLE3:APPLE2:GLES2,0"}},{"target":"n158bap","target_type":"n158b","target_variant":"ap","platform":"t8301","product_type":"Watch6,4","product_description":"Apple Watch Series 6 (GPS + Cellular)","compatible_device_fallback":"Watch5,4","traits":{"preferred_architecture":"arm64e","artwork_device_idiom":"watch","artwork_scale_factor":2,"artwork_device_subtype":390,"artwork_display_gamut":"P3","device_performance_memory_class":15,"graphics_feature_set_class":"APPLE5","graphics_feature_set_fallbacks":"APPLE3:APPLE2:GLES2,0"}},{"target":"n187sap","target_type":"n187s","target_variant":"ap","platform":"t8301","product_type":"Watch6,6","product_description":"Apple Watch Series 7 (GPS)","compatible_device_fallback":"Watch6,1","traits":{"preferred_architecture":"arm64e","artwork_device_idiom":"watch","artwork_scale_factor":2,"artwork_device_subtype":430,"artwork_display_gamut":"P3","device_performance_memory_class":15,"graphics_feature_set_class":"APPLE5","graphics_feature_set_fallbacks":"APPLE4:APPLE3:APPLE2:GLES2,0"}},{"target":"n187bap","target_type":"n187b","target_variant":"ap","platform":"t8301","product_type":"Watch6,7","product_description":"Apple Watch Series 7 (GPS)","compatible_device_fallback":"Watch6,2","traits":{"preferred_architecture":"arm64e","artwork_device_idiom":"watch","artwork_scale_factor":2,"artwork_device_subtype":484,"artwork_display_gamut":"P3","device_performance_memory_class":15,"graphics_feature_set_class":"APPLE5","graphics_feature_set_fallbacks":"APPLE4:APPLE3:APPLE2:GLES2,0"}},{"target":"n188sap","target_type":"n188s","target_variant":"ap","platform":"t8301","product_type":"Watch6,8","product_description":"Apple Watch Series 7 (GPS + Cellular)","compatible_device_fallback":"Watch6,3","traits":{"preferred_architecture":"arm64e","artwork_device_idiom":"watch","artwork_scale_factor":2,"artwork_device_subtype":430,"artwork_display_gamut":"P3","device_performance_memory_class":15,"graphics_feature_set_class":"APPLE5","graphics_feature_set_fallbacks":"APPLE4:APPLE3:APPLE2:GLES2,0"}},{"target":"n188bap","target_type":"n188b","target_variant":"ap","platform":"t8301","product_type":"Watch6,9","product_description":"Apple Watch Series 7 (GPS + Cellular)","compatible_device_fallback":"Watch6,4","traits":{"preferred_architecture":"arm64e","artwork_device_idiom":"watch","artwork_scale_factor":2,"artwork_device_subtype":484,"artwork_display_gamut":"P3","device_performance_memory_class":15,"graphics_feature_set_class":"APPLE5","graphics_feature_set_fallbacks":"APPLE4:APPLE3:APPLE2:GLES2,0"}},{"target":"n27aap","target_type":"n27a","target_variant":"ap","platform":"s7002","product_type":"Watch1,1","product_description":"Apple Watch (1st generation) 38mm","traits":{"preferred_architecture":"armv7k","artwork_device_idiom":"watch","artwork_scale_factor":2,"artwork_device_subtype":320,"artwork_display_gamut":"sRGB","graphics_feature_set_class":"GLES2,0"}},{"target":"n28aap","target_type":"n28a","target_variant":"ap","platform":"s7002","product_type":"Watch1,2","product_description":"Apple Watch (1st generation) 42mm","traits":{"preferred_architecture":"armv7k","artwork_device_idiom":"watch","artwork_scale_factor":2,"artwork_device_subtype":384,"artwork_display_gamut":"sRGB","graphics_feature_set_class":"GLES2,0"}},{"target":"n74ap","target_type":"n74","target_variant":"ap","platform":"t8002","product_type":"Watch2,3","product_description":"Apple Watch Series 2 38mm","traits":{"preferred_architecture":"armv7k","artwork_device_idiom":"watch","artwork_scale_factor":2,"artwork_device_subtype":320,"artwork_display_gamut":"sRGB","graphics_feature_set_class":"GLES2,0"}},{"target":"n75ap","target_type":"n75","target_variant":"ap","platform":"t8002","product_type":"Watch2,4","product_description":"Apple Watch Series 2 42mm","traits":{"preferred_architecture":"armv7k","artwork_device_idiom":"watch","artwork_scale_factor":2,"artwork_device_subtype":384,"artwork_display_gamut":"sRGB","graphics_feature_set_class":"GLES2,0"}},{"target":"n27dap","target_type":"n27d","target_variant":"ap","platform":"t8002","product_type":"Watch2,6","product_description":"Apple Watch Series 1 38mm","traits":{"preferred_architecture":"armv7k","artwork_device_idiom":"watch","artwork_scale_factor":2,"artwork_device_subtype":320,"artwork_display_gamut":"sRGB","graphics_feature_set_class":"GLES2,0"}},{"target":"n28dap","target_type":"n28d","target_variant":"ap","platform":"t8002","product_type":"Watch2,7","product_description":"Apple Watch Series 1 42mm","traits":{"preferred_architecture":"armv7k","artwork_device_idiom":"watch","artwork_scale_factor":2,"artwork_device_subtype":384,"artwork_display_gamut":"sRGB","graphics_feature_set_class":"GLES2,0"}},{"target":"n111sap","target_type":"n111s","target_variant":"ap","platform":"t8004","product_type":"Watch3,1","product_description":"Apple Watch Series 3 (GPS + Cellular) 38mm","traits":{"preferred_architecture":"armv7k","artwork_device_idiom":"watch","artwork_scale_factor":2,"artwork_device_subtype":320,"artwork_display_gamut":"sRGB","graphics_feature_set_class":"GLES2,0"}},{"target":"n111bap","target_type":"n111b","target_variant":"ap","platform":"t8004","product_type":"Watch3,2","product_description":"Apple Watch Series 3 (GPS + Cellular) 42mm","traits":{"preferred_architecture":"armv7k","artwork_device_idiom":"watch","artwork_scale_factor":2,"artwork_device_subtype":384,"artwork_display_gamut":"sRGB","graphics_feature_set_class":"GLES2,0"}},{"target":"n121sap","target_type":"n121s","target_variant":"ap","platform":"t8004","product_type":"Watch3,3","product_description":"Apple Watch Series 3 (GPS) 38mm","traits":{"preferred_architecture":"armv7k","artwork_device_idiom":"watch","artwork_scale_factor":2,"artwork_device_subtype":320,"artwork_display_gamut":"sRGB","graphics_feature_set_class":"GLES2,0"}},{"target":"n121bap","target_type":"n121b","target_variant":"ap","platform":"t8004","product_type":"Watch3,4","product_description":"Apple Watch Series 3 (GPS) 42mm","traits":{"preferred_architecture":"armv7k","artwork_device_idiom":"watch","artwork_scale_factor":2,"artwork_device_subtype":384,"artwork_display_gamut":"sRGB","graphics_feature_set_class":"GLES2,0"}}]
