{
    "Name": "zabbix-default-password",
    "Description": "zabbix-default-password",
    "Product": "zabbix",
    "author": "chumeng",
    "Request":[
        {
        "Method": "POST",
        "Header": {"User-Agent": "Mozilla/5.0 (Windows NT 10.0; Win64; x64) AppleWebKit/537.36 (KHTML, like Gecko) Chrome/90.0.4430.85 Safari/537.36"},
        "Uri":"/index.php",
        "Port":"",
        "Data":"name=Admin&password=zabbix&autologin=1&enter=Sign+in",
        "Follow_redirects":"false",
        "Upload":{"Name": "","fileName": "","filePath": "" },
        "Response":{
        "Check_Steps":"AND",
        "Checks": [
            {
                "Operation": "contains",
                "Key":"set-cookie",
                "Value": "zbx_session"
            },
            {
                "Operation": "contains",
                "Key":"location",
                "Value": "zabbix.php?action=dashboard.view"
            },
            {
                "Operation": "code",
                "Key":"",
                "Value": "302"
            }
        ]
        },
        "Next_decide":""
                }
]}
