{
  "CacheName": ".DbCache",
  "autoRmCache": "false",
  "ssh_username": "pkg/hydra/dicts/ssh_user.txt",
  "ssh_pswd": "pkg/hydra/dicts/ssh_pswd.txt",
  "ssh_default": "pkg/hydra/dicts/ssh_default.txt",
  "ftpusername": "pkg/hydra/dicts/ftp_user.txt",
  "ftp_pswd": "pkg/hydra/dicts/ftp_pswd.txt",
  "ftp_default": "pkg/hydra/dicts/ftp_default.txt",
  "rdpusername": "pkg/hydra/dicts/rdp_user.txt",
  "rdp_pswd": "pkg/hydra/dicts/rdp_pswd.txt",
  "rdp_default": "pkg/hydra/dicts/rdp_default.txt",
  "mongodbusername": "pkg/hydra/dicts/mongodb_user.txt",
  "mongodb_pswd": "pkg/hydra/dicts/mongodb_pswd.txt",
  "mongodb_default": "pkg/hydra/dicts/mongodb_default.txt",
  "mssqlusername": "pkg/hydra/dicts/mssql_user.txt",
  "mssql_pswd": "pkg/hydra/dicts/mssql_pswd.txt",
  "mssql_default": "pkg/hydra/dicts/mssql_default.txt",
  "mysqlusername": "pkg/hydra/dicts/mysql_user.txt",
  "mysql_pswd": "pkg/hydra/dicts/mysql_pswd.txt",
  "mysql_default": "pkg/hydra/dicts/mysql_default.txt",
  "oracleusername": "pkg/hydra/dicts/oracle_user.txt",
  "oracle_pswd": "pkg/hydra/dicts/oracle_pswd.txt",
  "oracle_default": "pkg/hydra/dicts/oracle_default.txt",
  "postgresqlusername": "pkg/hydra/dicts/postgresql_user.txt",
  "postgresql_pswd": "pkg/hydra/dicts/postgresql_pswd.txt",
  "postgresql_default": "pkg/hydra/dicts/postgresql_default.txt",
  "redisusername": "pkg/hydra/dicts/redis_user.txt",
  "redis_pswd": "pkg/hydra/dicts/redis_pswd.txt",
  "redis_default": "pkg/hydra/dicts/redis_default.txt",
  "smbusername": "pkg/hydra/dicts/smb_user.txt",
  "smb_pswd": "pkg/hydra/dicts/smb_pswd.txt",
  "smb_default": "pkg/hydra/dicts/smb_default.txt",
  "telnetusername": "pkg/hydra/dicts/telnet_user.txt",
  "telnet_pswd": "pkg/hydra/dicts/telnet_pswd.txt",
  "telnet_default": "pkg/hydra/dicts/telnet_default.txt",
  "tomcatuserpass": "brute/dicts/tomcatuserpass.txt",
  "jbossuserpass": "brute/dicts/jbossuserpass.txt",
  "weblogicuserpass": "brute/dicts/weblogicuserpass.txt",
  "filedic": "brute/dicts/filedic.txt",
  "top100pass": "brute/dicts/top100pass.txt",
  "bakSuffix": "brute/dicts/bakSuffix.txt",
  "fuzzct": "brute/dicts/fuzzContentType1.txt",
  "fuzz404": "brute/dicts/fuzz404.txt",
  "page404Content1": "brute/dicts/page404Content.txt",
  "eHoleFinger": "pkg/fingerprint/dicts/eHoleFinger.json",
  "localFinger": "pkg/fingerprint/dicts/localFinger.json",
  "nmap": "nmap -n --unique --resolve-all -Pn --min-hostgroup 64 --max-retries 0 --host-timeout 10m --script-timeout 3m -oX {filename} --version-intensity 9 --min-rate 10000 -T4 ",
  "HydraUser": "",
  "HydraPass": "",
  "UrlPrecise": true,
  "noScan": false,
  "ParseSSl": true,
  "EnableSubfinder": true,
  "EnableKsubdomain": true,
  "EnableHoneyportDetection": true,
  "KsubdomainRegxp": "([0-9a-zA-Z\\-]+\\.[0-9a-zA-Z\\-]+)$",
  "naabu_dns": {},
  "naabu": {"TopPorts": "full","ScanAllIPS": true,"Threads": 64,"EnableProgressBar": false},
  "enableNuclei": true,
  "nuclei": {
    "Severities":  [5,4,3],
    "RateLimit": 150,
    "BulkSize":64,
    "TemplateThreads": 64,
    "HeadlessBulkSize": 10,
    "DisableRedirects": true,
    "EnableProgressBar": true,
    "HeadlessTemplateThreads": 10,
    "ReportingConfig": "config/nuclei_esConfig.yaml"
  },
  "priorityNmap": true,
  "enablEmbedYaml": true,
  "enablFileFuzz": true,
  "httpx": {
    "Pipeline": false,
    "HTTP2Probe": true,
    "VHost": true,
    "CSPProbe": true,
    "TLSProbe": true,
    "TechDetect": true,
    "FollowRedirects": false,
    "MaxRedirects": 3
  },
  "enableEsSv": true,
  "CheckWeakPassword": true,
  "esthread": 8,
  "hydrathread": 64,
  "Fuzzthreads": 32,
  "enableFingerTitleHeaderMd5Hex": false,
  "Cookie": "",
  "esUrl": "http://127.0.0.1:9200/%s_index/_doc/%s",
  "Exploit":{
    "Path": "./config/poc/",
    "Logs": "./logs/errror.log"
  },
  "enableWebScan": true
}