{
    "": [
        {
            "url": "http://www.jykc.com/chklogin.asp",
            "method": "POST",
            "headers": {
                "Content-Type": "application/x-www-form-urlencoded",
                "Referer": "http://www.jykc.com/",
                "Connection": "Keep-alive",
                "Cookie": "safedog-flow-item=; ASPSESSIONIDAQRDTSCD=BEGAAFOAFAJLEGMCMEAJLOFC; ASPSESSIONIDCQSCRTDC=GBMNHCPAGHBJCBGFNMBKFALE",
                "Accept": "text/html,application/xhtml+xml,application/xml;q=0.9,image/avif,image/webp,image/apng,*/*;q=0.8,application/signed-exchange;v=b3;q=0.9",
                "Accept-Encoding": "gzip, deflate, br",
                "User-Agent": "Mozilla/5.0 (Windows NT 10.0; Win64; x64) AppleWebKit/537.36 (KHTML, like Gecko) Chrome/96.0.4664.45 Safari/537.36"
            },
            "data": "txtUserName=&txtPassword=g00dPa%24%24w0rD",
            "source": "DOM"
        }
    ]
}