{
    "SubmitDoM-WCzUQ": [
        {
            "url": "http://192.168.166.2/dvwa/vulnerabilities/sqli_blind/?id=test1234\u0026Submit=Submit",
            "method": "GET",
            "headers": {
                "Accept": "text/html,application/xhtml+xml,application/xml;q=0.9,image/avif,image/webp,image/apng,*/*;q=0.8,application/signed-exchange;v=b3;q=0.9",
                "Cookie": "PHPSESSID=vtr019qn0md1j2qpij3ungd343; security=low",
                "Referer": "http://192.168.166.2/dvwa/",
                "Upgrade-Insecure-Requests": "1",
                "User-Agent": "Mozilla/5.0 (Windows NT 6.3; Win64; x64) AppleWebKit/537.36 (KHTML, like Gecko) Chrome/73.0.3683.103 Safari/537.36"
            },
            "data": "",
            "source": "Document",
            "hostid": 0
        }
    ]
}