{
    "SubmitDoM-X1MEW": [
        {
            "url": "http://192.168.166.2/dvwa/vulnerabilities/brute/?username=Wrench1997\u0026password=Liujialin1997\u0026Login=Login",
            "method": "GET",
            "headers": {
                "Accept": "text/html,application/xhtml+xml,application/xml;q=0.9,image/avif,image/webp,image/apng,*/*;q=0.8,application/signed-exchange;v=b3;q=0.9",
                "Cookie": "PHPSESSID=7jqae65aospk1e66ji2bg8n4a2; security=low",
                "Referer": "http://192.168.166.2/dvwa",
                "Upgrade-Insecure-Requests": "1",
                "User-Agent": "Mozilla/5.0 (Windows NT 6.3; Win64; x64) AppleWebKit/537.36 (KHTML, like Gecko) Chrome/73.0.3683.103 Safari/537.36"
            },
            "data": "",
            "source": "Document",
            "hostid": 0
        }
    ]
}