{
    "": [
        {
            "url": "https://www.bilibili.com/v/game/",
            "method": "GET",
            "headers": {
                "Origin": "https://bilibili.com",
                "Cookie": "innersign=0; buvid3=5FC0107E-17E6-A42E-3DB9-4A7D6FD91E2239894infoc; i-wanna-go-back=-1; b_ut=7",
                "User-Agent": "Mozilla/5.0 (Windows NT 10.0; Win64; x64) AppleWebKit/537.36 (KHTML, like Gecko) Chrome/92.0.4512.0 Safari/537.36",
                "Host": " www.bilibili.com",
                "Connection": " Keep-alive"
            },
            "data": "",
            "source": "Target",
            "hostid": 0
        }
    ]
}