[{"Name":"","Model":"APL0098","Semiconductor":"90 nm","DieSize":"72 mm2","Transistors":"","CPUISA":"ARMv6","CPU":"412 MHz single-core ARM11","CPUID":"S5L8900","CPUCache":["L1i: 16 KB","L1d: 16 KB"],"GPU":"PowerVR MBX Lite","AIAccelerator":"","Memory":"16-bit Single-channel 133 MHz LPDDR (533 MB/s)","Introduced":"June 2007","Devices":["iPhone (1st gen.)","iPod Touch (1st gen.)","iPhone 3G"]},{"Name":"","Model":"APL0278","Semiconductor":"65 nm","DieSize":"36 mm","Transistors":"","CPUISA":"ARMv6","CPU":"412–533 MHz single-core ARM11","CPUID":"S5L8720","CPUCache":["L1i: 16 KB","L1d: 16 KB"],"GPU":"PowerVR MBX Lite","AIAccelerator":"","Memory":"32-bit Single-channel 133 MHz LPDDR (1066 MB/s)","Introduced":"September 2008","Devices":["iPod Touch (2nd gen.)","iPod Nano (4th gen.)"]},{"Name":"","Model":"APL0298","Semiconductor":"65 nm","DieSize":"71.8 mm2","Transistors":"","CPUISA":"ARMv7","CPU":"600 MHz single-core Cortex-A8","CPUID":"S5L8920","CPUCache":["L1i: 32 KB","L1d: 32 KB","L2: 256 KB"],"GPU":"PowerVR SGX535","AIAccelerator":"","Memory":"32-bit Single-channel 200 MHz LPDDR (1.6 GB/s)","Introduced":"June 2009","Devices":["iPhone 3GS"]},{"Name":"","Model":"APL2298","Semiconductor":"45 nm","DieSize":"41.6 mm2","Transistors":"","CPUISA":"ARMv7","CPU":"600–800 MHz single-core Cortex-A8","CPUID":"S5L8922","CPUCache":["L1i: 32 KB","L1d: 32 KB","L2: 256 KB"],"GPU":"PowerVR SGX535","AIAccelerator":"","Memory":"32-bit Single-channel 200 MHz LPDDR (1.6 GB/s)","Introduced":"September 2009","Devices":["iPod Touch (3rd gen.)"]},{"Name":"A4","Model":"APL0398","Semiconductor":"45 nm","DieSize":"53.3 mm","Transistors":"","CPUISA":"ARMv7","CPU":"0.8–1.0 GHz single-core Cortex-A8","CPUID":"S5L8930","CPUCache":["L1i: 32 KB","L1d: 32 KB","L2: 512 KB"],"GPU":"PowerVR SGX535","AIAccelerator":"","Memory":"32-bit Dual-channel 200 MHz LPDDR (3.2 GB/s)","Introduced":"March 2010","Devices":["iPad (1st gen.)","iPhone 4","iPod Touch (4th gen.)","Apple TV (2nd gen.)"]},{"Name":"A5","Model":"APL0498","Semiconductor":"45 nm","DieSize":"122.2 mm","Transistors":"","CPUISA":"ARMv7","CPU":"0.8–1.0 GHz dual-core Cortex-A9","CPUID":"s5l8940x","CPUCache":["L1i: 32 KB","L1d: 32 KB","L2: 1 MB"],"GPU":"PowerVR SGX543MP2 (dual-core) @ 200 MHz (12.8 GFLOPS)","AIAccelerator":"","Memory":"32-bit Dual-channel 400 MHz LPDDR2-800 (6.4 GB/s)","Introduced":"March 2011","Devices":["iPad 2 (iPad2,1; iPad2,2; iPad2,3)","iPhone 4S"]},{"Name":"A5","Model":"APL2498","Semiconductor":"32 nm HKMG","DieSize":"69.6 mm2","Transistors":"","CPUISA":"ARMv7","CPU":"0.8–1.0 GHz dual-core Cortex-A9 (one core locked in Apple TV)","CPUID":"s5l8942x","CPUCache":["L1i: 32 KB","L1d: 32 KB","L2: 1 MB"],"GPU":"PowerVR SGX543MP2 (dual-core) @ 200 MHz (12.8 GFLOPS)","AIAccelerator":"","Memory":"32-bit Dual-channel 400 MHz LPDDR2-800 (6.4 GB/s)","Introduced":"March 2012","Devices":["Apple TV (3rd gen.)","iPad 2 (iPad2,4)","iPod Touch (5th gen.)","iPad Mini (1st gen.)"]},{"Name":"A5","Model":"APL7498","Semiconductor":"32 nm HKMG","DieSize":"37.8 mm2","Transistors":"","CPUISA":"ARMv7","CPU":"Single-core Cortex-A9","CPUID":"s5l8947x","CPUCache":["L1i: 32 KB","L1d: 32 KB","L2: 1 MB"],"GPU":"PowerVR SGX543MP2 (dual-core) @ 200 MHz (12.8 GFLOPS)","AIAccelerator":"","Memory":"32-bit Dual-channel 400 MHz LPDDR2-800 (6.4 GB/s)","Introduced":"March 2013","Devices":["Apple TV (3rd gen.) (AppleTV3,2)"]},{"Name":"A5X","Model":"APL5498","Semiconductor":"45 nm","DieSize":"165 mm2","Transistors":"","CPUISA":"ARMv7","CPU":"1.0 GHz dual-core Cortex-A9","CPUID":"s5l8945x","CPUCache":["L1i: 32 KB","L1d: 32 KB","L2: 1 MB"],"GPU":"PowerVR SGX543MP4 (quad-core) @ 200 MHz (25 GFLOPS)","AIAccelerator":"","Memory":"32-bit Quad-channel 400 MHz LPDDR2-800 (12.8 GB/s)","Introduced":"March 2012","Devices":["iPad (3rd gen.)"]},{"Name":"A6","Model":"APL0598","Semiconductor":"32 nm HKMG","DieSize":"96.71 mm2","Transistors":"","CPUISA":"ARMv7s","CPU":"1.3 GHz dual-core Swift","CPUID":"s5l8950x","CPUCache":["L1i: 32 KB","L1d: 32 KB","L2: 1 MB"],"GPU":"PowerVR SGX543MP3 (triple-core) @ 266 MHz (25.5 GFLOPS)","AIAccelerator":"","Memory":"32-bit Dual-channel 533 MHz LPDDR2-1066 (8.528 GB/s)","Introduced":"September 2012","Devices":["iPhone 5","iPhone 5C"]},{"Name":"A6X","Model":"APL5598","Semiconductor":"32 nm HKMG","DieSize":"123 mm2","Transistors":"","CPUISA":"ARMv7s","CPU":"1.4 GHz dual-core Swift","CPUID":"s5l8955x","CPUCache":["L1i: 32 KB","L1d: 32 KB","L2: 1 MB"],"GPU":"PowerVR SGX554MP4 (quad-core) @ 266 MHz (68.1 GFLOPS)","AIAccelerator":"","Memory":"32-bit Quad-channel 533 MHz LPDDR2-1066 (17.1 GB/s)","Introduced":"October 2012","Devices":["iPad (4th gen.)"]},{"Name":"A7","Model":"APL0698","Semiconductor":"28 nm HKMG","DieSize":"102 mm2","Transistors":"≈1 billion","CPUISA":"ARMv8.0-A","CPU":"1.3 GHz dual-core Cyclone","CPUID":"s5l8960x","CPUCache":["L1i: 64 KB","L1d: 64 KB","L2: 1 MB","L3: 4 MB (Inclusive)"],"GPU":"PowerVR G6430 (quad-core) @ 450 MHz (115.2 GFLOPS)","AIAccelerator":"","Memory":"64-bit Single-channel 800 MHz LPDDR3-1600 (12.8 GB/s)","Introduced":"September 2013","Devices":["iPhone 5S","iPad Mini 2","iPad Mini 3"]},{"Name":"A7","Model":"APL5698","Semiconductor":"28 nm HKMG","DieSize":"102 mm2","Transistors":"≈1 billion","CPUISA":"S5L8965x","CPU":"1.4 GHz dual-core Cyclone","CPUID":"","CPUCache":["L1i: 64 KB","L1d: 64 KB","L2: 1 MB","L3: 4 MB (Inclusive)"],"GPU":"PowerVR G6430 (quad-core) @ 450 MHz (115.2 GFLOPS)","AIAccelerator":"","Memory":"64-bit Single-channel 800 MHz LPDDR3-1600 (12.8 GB/s)","Introduced":"October 2013","Devices":["iPad Air (1st gen.)"]},{"Name":"A8","Model":"APL1011","Semiconductor":"20 nm (TSMC)","DieSize":"89 mm2","Transistors":"~2 billion","CPUISA":"ARMv8.0-A","CPU":"1.1–1.5 GHz dual-core Typhoon","CPUID":"T7000","CPUCache":["L1i: 64 KB","L1d: 64 KB","L2: 1 MB","L3: 4 MB (Inclusive)"],"GPU":"Custom PowerVR GXA6450 (quad-core) @ ~533 MHz (136.5 GFLOPS)","AIAccelerator":"","Memory":"64-bit Single-channel 800 MHz LPDDR3-1600 (12.8 GB/s)","Introduced":"September 2014","Devices":["iPhone 6","iPhone 6 Plus","iPod Touch (6th gen.)","iPad Mini 4","Apple TV (4th gen.)","HomePod"]},{"Name":"A8X","Model":"APL1012","Semiconductor":"20 nm (TSMC)","DieSize":"128 mm2","Transistors":"~3 billion","CPUISA":"ARMv8.0-A","CPU":"1.5 GHz triple-core Typhoon","CPUID":"T7001","CPUCache":["L1i: 64 KB","L1d: 64 KB","L2: 2 MB","L3: 4 MB (Inclusive)"],"GPU":"Custom PowerVR GXA6850 (octa-core) @ ~450 MHz (230.4 GFLOPS)","AIAccelerator":"","Memory":"64-bit Dual-channel 800 MHz LPDDR3-1600 (25.6 GB/s)","Introduced":"October 2014","Devices":["iPad Air 2"]},{"Name":"A9","Model":"APL0898","Manufacturer":"Samsung","Semiconductor":"14 nm FinFET","DieSize":"96 mm2","Transistors":">2 billion","CPUISA":"ARMv8.0-A","CPU":"1.85 GHz dual-core Twister","CPUID":"S8000","CPUCache":["L1i: 64 KB","L1d: 64 KB","L2: 3 MB","L3: 4 MB (Victim)"],"GPU":"Custom PowerVR GT7600 (hexa-core) @ 650 MHz (249.6 GFLOPS)","AIAccelerator":"","Memory":"64-bit Single-channel 1600 MHz LPDDR4-3200 (25.6 GB/s)","Introduced":"September 2015","Devices":["iPhone 6S","iPhone 6S Plus","iPhone SE","iPad (2017)"]},{"Name":"A9","Model":"APL1022","Manufacturer":"TSMC","Semiconductor":"16 nm FinFET","DieSize":"104.5 mm2","Transistors":">2 billion","CPUISA":"ARMv8.0-A","CPU":"1.85 GHz dual-core Twister","CPUID":"S8003","CPUCache":["L1i: 64 KB","L1d: 64 KB","L2: 3 MB","L3: 4 MB (Victim)"],"GPU":"Custom PowerVR GT7600 (hexa-core) @ 650 MHz (249.6 GFLOPS)","AIAccelerator":"","Memory":"64-bit Single-channel 1600 MHz LPDDR4-3200 (25.6 GB/s)","Introduced":"September 2015","Devices":["iPhone 6S","iPhone 6S Plus","iPhone SE","iPad (2017)"]},{"Name":"A9X","Model":"APL1021","Semiconductor":"16 nm FinFET (TSMC)","DieSize":"143.9 mm2","Transistors":">3 billion","CPUISA":"ARMv8.0-A","CPU":"2.16–2.26 GHz dual-core Twister","CPUID":"S8001","CPUCache":["L1i: 64 KB","L1d: 64 KB","L2: 3 MB","L3: none"],"GPU":"Custom PowerVR GTA7850 (12-core) @ 650 MHz (499.2 GFLOPS)","AIAccelerator":"","Memory":"64-bit Dual-channel 1600 MHz LPDDR4-3200 (51.2 GB/s)","Introduced":"November 2015","Devices":["iPad Pro (12.9-inch) (1st gen.)","iPad Pro (9.7-inch)"]},{"Name":"A10 Fusion","Model":"APL1W24","Semiconductor":"16 nm FinFET (TSMC)","DieSize":"125 mm2","Transistors":"3.3 billion","CPUISA":"ARMv8.1-A","CPU":"2.34 GHz quad-core (2× Hurricane + 2× Zephyr)","CPUID":"T8010","CPUCache":["L1i: 64 KB","L1d: 64 KB","L2: 3 MB","L3: 4 MB"],"GPU":"Custom PowerVR GT7600 Plus (hexa-core) @ 900 MHz (364.8 GFLOPS)","AIAccelerator":"","Memory":"64-bit Single-channel 1600 MHz LPDDR4 (25.6 GB/s)","Introduced":"September 2016","Devices":["iPhone 7","iPhone 7 Plus","iPad (2018)","iPod Touch (7th gen.)","iPad (2019)"]},{"Name":"A10X Fusion","Model":"APL1071","Semiconductor":"10 nm FinFET (TSMC)","DieSize":"96.4 mm2","Transistors":">4 billion","CPUISA":"ARMv8.1-A","CPU":"2.36 GHz hexa-core (3× Hurricane + 3× Zephyr)","CPUID":"T8011","CPUCache":["L1i: 64 KB","L1d: 64 KB","L2: 8 MB","L3: none"],"GPU":"Custom PowerVR GT7600 Plus (12-core)","AIAccelerator":"","Memory":"64-bit Dual-channel 1600 MHz LPDDR4 (51.2 GB/s)","Introduced":"June 2017","Devices":["iPad Pro (10.5-inch)","iPad Pro (12.9-inch) (2nd gen.)","Apple TV 4K"]},{"Name":"A11 Bionic","Model":"APL1W72","Semiconductor":"10 nm FinFET (TSMC)","DieSize":"87.66 mm2","Transistors":"4.3 billion","CPUISA":"ARMv8.2-A","CPU":"2.39 GHz hexa-core (2× Monsoon + 4× Mistral)","CPUID":"T8015","CPUCache":["L1i: 64 KB","L1d: 64 KB","L2: 8 MB","L3: none"],"GPU":"Custom design (triple-core)","AIAccelerator":"Neural Engine (dual-core)","Memory":"64-bit Single-channel 2133 MHz LPDDR4X (34.1 GB/s)","Introduced":"September 2017","Devices":["iPhone 8","iPhone 8 Plus","iPhone X"]},{"Name":"A12 Bionic","Model":"APL1W81","Semiconductor":"7 nm FinFET (TSMC N7)","DieSize":"83.27 mm2","Transistors":"6.9 billion","CPUISA":"ARMv8.3-A","CPU":"2.49 GHz hexa-core (2× Vortex + 4× Tempest)","CPUID":"T8020","CPUCache":["L1i: 128 KB","L1d: 128 KB","L2: 8 MB","L3: none"],"GPU":"Custom design (quad-core)","AIAccelerator":"Neural Engine (octa-core)","Memory":"64-bit Single-channel 2133 MHz LPDDR4X (34.1 GB/s)","Introduced":"September 2018","Devices":["iPhone XS","iPhone XS Max","iPhone XR","iPad Air (2019)","iPad Mini (5th gen.)"]},{"Name":"A12X/A12Z Bionic","Model":"APL1083","Semiconductor":"7 nm FinFET (TSMC N7)","DieSize":"≈135 mm2","Transistors":"10 billion","CPUISA":"ARMv8.3-A","CPU":"2.49 GHz octa-core (4× Vortex + 4× Tempest)","CPUID":"T8027","CPUCache":["L1i: 128 KB","L1d: 128 KB","L2: 8 MB","L3: none"],"GPU":"Custom design (hepta-core)/Custom design (octa-core)","AIAccelerator":"Neural Engine (octa-core)","Memory":"64-bit Dual-channel 2133 MHz LPDDR4X (68.2 GB/s)","Introduced":"October 2018/March 2020","Devices":["iPad Pro (11.0-inch)","iPad Pro (12.9-inch) (3rd gen.)","iPad Pro (11.0-inch) (2020 2nd gen.)","iPad Pro (12.9-inch) (2020 4th gen.)"]},{"Name":"A13 Bionic","Model":"APL1W85","Semiconductor":"7 nm FinFET (TSMC N7P)","DieSize":"98.48 mm2","Transistors":"8.5 billion","CPUISA":"ARMv8.4-A","CPU":"2.65 GHz hexa-core (2× Lightning + 4× Thunder)","CPUID":"T8030","CPUCache":["L1i: 128 KB","L1d: 128 KB","L2: 8 MB","L3: none"],"GPU":"Custom design (quad-core)","AIAccelerator":"Neural Engine (octa-core) + AMX blocks (dual-core)","Memory":"","Introduced":"September 2019","Devices":["iPhone 11","iPhone 11 Pro","iPhone 11 Pro Max"]},{"Name":"A14 Bionic","Model":"APL1W01","Semiconductor":"5 nm FinFET (TSMC N5)","DieSize":"88 mm2","Transistors":"11.8 billion","CPUISA":"ARMv8.5-A","CPU":"hexa-core (2× Firestorm + 4× Icestorm)","CPUID":"T8101","CPUCache":["L1i: 192 KB","L1d: 128 KB","L2: 8 MB","L3: none"],"GPU":"Custom design (quad-core)","AIAccelerator":"Neural Engine (16-core) 11 TOPS","Memory":"LPDDR4X (Samsung)","Introduced":"October 2020","Devices":["iPad Air (Fall 2020)","iPhone 12 Mini","iPhone 12","iPhone 12 Pro","iPhone 12 Pro Max"]},{"Name":"A15 Bionic","Model":"","Semiconductor":"5 nm FinFET (TSMC N5)","DieSize":"88 mm2","Transistors":"11.8 billion","CPUISA":"ARMv8.5-A","CPU":"hexa-core (2× Firestorm + 4× Icestorm)","CPUID":"T8110","CPUCache":["L1i: 192 KB","L1d: 128 KB","L2: 8 MB","L3: none"],"GPU":"Custom design (5-core)","AIAccelerator":"Neural Engine (16-core) 11 TOPS","Memory":"","Introduced":"September 2021","Devices":["iPad Air (Fall 2020)","iPhone 13 Mini","iPhone 13","iPhone 13 Pro","iPhone 13 Pro Max"]},{"Name":"A16 Bionic","Model":"","Semiconductor":"","DieSize":"","Transistors":"","CPUISA":"","CPU":"","CPUID":"T8120","CPUCache":[""],"GPU":"","AIAccelerator":"","Memory":"","Introduced":"September 2022","Devices":["iPhone 14","iPhone 14 Plus","iPhone 14 Pro","iPhone 14 Pro Max"]},{"Name":"S1","Model":"APL0778","Semiconductor":"28 nm HKMG","DieSize":"32 mm2","Transistors":"","CPUISA":"ARMv7k","CPU":"520 MHz single-core Cortex-A7","CPUID":"S7002","CPUCache":["L1d: 32 KB","L2: 256 KB"],"GPU":"PowerVR Series 5","AIAccelerator":"","Memory":"LPDDR3","Introduced":"April 2015","Devices":["Apple Watch (1st gen.)"]},{"Name":"S1P","Model":"","Semiconductor":"","DieSize":"","Transistors":"","CPUISA":"ARMv7k","CPU":"520 MHz dual-core Cortex-A7 without GPS","CPUID":"T8002","CPUCache":["L1d: 64 KB","L2: 1 MB"],"GPU":"PowerVR Series 6 'Rouge'","AIAccelerator":"","Memory":"LPDDR3","Introduced":"September 2016","Devices":["Apple Watch Series 1"]},{"Name":"S2","Model":"","Semiconductor":"","DieSize":"","Transistors":"","CPUISA":"ARMv7k","CPU":"520 MHz dual-core Cortex-A7 with GPS","CPUID":"T8002","CPUCache":["L1d: 64 KB","L2: 1 MB"],"GPU":"PowerVR Series 6 'Rouge'","AIAccelerator":"","Memory":"LPDDR3","Introduced":"September 2016","Devices":["Apple Watch Series 2"]},{"Name":"S3 Non-LTE and LTE","Model":"","Semiconductor":"","DieSize":"","Transistors":"","CPUISA":"ARMv7k","CPU":"Dual-core","CPUID":"T8004","CPUCache":[""],"GPU":"","AIAccelerator":"","Memory":"LPDDR4","Introduced":"September 2017","Devices":["Apple Watch Series 3"]},{"Name":"S4 Non-LTE and LTE","Model":"","Semiconductor":"","DieSize":"","Transistors":"","CPUISA":"ARMv8-A ILP32","CPU":"Dual-core","CPUID":"T8006","CPUCache":[""],"GPU":"","AIAccelerator":"","Memory":"","Introduced":"September 2018","Devices":["Apple Watch Series 4"]},{"Name":"S5 Non-LTE and LTE","Model":"","Semiconductor":"","DieSize":"","Transistors":"","CPUISA":"","CPU":"Dual-core","CPUID":"T8006","CPUCache":[""],"GPU":"","AIAccelerator":"","Memory":"","Introduced":"September 2019","Devices":["Apple Watch Series 5"]},{"Name":"S6 Non-LTE and LTE","Model":"","Semiconductor":"","DieSize":"","Transistors":"","CPUISA":"","CPU":"Dual-core","CPUID":"T8301","CPUCache":[""],"GPU":"","AIAccelerator":"","Memory":"","Introduced":"September 2019","Devices":["Apple Watch Series 6"]},{"Name":"T1","Model":"APL1023","Semiconductor":"","DieSize":"","Transistors":"","CPUISA":"ARMv7","CPU":"","CPUID":"","CPUCache":[""],"GPU":"","AIAccelerator":"","Memory":"","Introduced":"October 2016","Devices":["MacBook Pro (13-inch, 2016, Four Thunderbolt 3 Ports)","MacBook Pro (15-inch, 2016)","MacBook Pro (13-inch, 2017, Four Thunderbolt 3 Ports)","MacBook Pro (15-inch, 2017)"]},{"Name":"T2","Model":"APL1027","Semiconductor":"","DieSize":"","Transistors":"","CPUISA":"ARMv8-A","CPU":"","CPUID":"T8012","CPUCache":[""],"GPU":"","AIAccelerator":"","Memory":"LPDDR4","Introduced":"December 2017","Devices":["iMac Pro 2017","MacBook Pro (13-inch, 2018, Four Thunderbolt 3 Ports)","MacBook Pro (15-inch, 2018)","Mac mini (2018)","MacBook Air (2018)","MacBook Pro (15-inch, 2019)","MacBook Pro (13-inch, 2019)","MacBook Air (2019)","MacBook Pro (16-inch, 2019)","Mac Pro (2019)"]},{"Name":"M1","Model":"APL1102","Semiconductor":"5 nm (TSMC)","DieSize":"","Transistors":"16 billion","CPUISA":"ARMv8.5-A","CPU":"3.2 GHz 8-core (4× Firestorm + 4× Icestorm)","CPUID":"T8103","CPUCache":["L1i: 192 KB","L1d: 128 KB","L2: 8 MB","L2: 24 MB","SLC: 16 MB"],"GPU":"7- or 8-core (up to 2.6 TFLOPs)","AIAccelerator":"16-core","Memory":"LPDDR4X","Introduced":"November 17, 2020","Devices":["MacBook Pro (13-inch, M1, 2020)","MacBook Air (M1, 2020)","Mac mini (M1, 2020)"]},{"Name":"M1 Pro","Model":"J314cAP","Semiconductor":"5 nm (TSMC)","DieSize":"245 mm2","Transistors":"33.7 billion","CPUISA":"ARMv8.5-A","CPU":"3.2 GHz 8-core (4× Firestorm + 4× Icestorm)","CPUID":"T6000","CPUCache":["L1i: 192 KB","L1d: 128 KB","L2: 24 MB","SLC: 32 MB"],"GPU":"14- or 16-core (up to 5.22 TFLOPs)","AIAccelerator":"16-core","Memory":"LPDDR5","Introduced":"October 26, 2021","Devices":["MacBook Pro 14-inch (Late 2021)","MacBook Pro 16-inch (Late 2021)"]},{"Name":"M1 Max","Model":"","Semiconductor":"5 nm (TSMC)","DieSize":"432 mm2","Transistors":"57 billion","CPUISA":"ARMv8.5-A","CPU":"3.2 GHz 8-core (8× Firestorm + 2× Icestorm)","CPUID":"T6001","CPUCache":["L1i: 192 KB","L1d: 128 KB","L2: 24 MB","SLC: 64 MB"],"GPU":"24- or 32-core (up to 10.44 TFLOPs)","AIAccelerator":"16-core","Memory":"LPDDR5","Introduced":"October 26, 2021","Devices":["MacBook Pro 14-inch (Late 2021)","MacBook Pro 16-inch (Late 2021)"]},{"Name":"M1 Ultra","Model":"","Semiconductor":"5 nm (TSMC)","DieSize":"432 mm2","Transistors":"114 billion","CPUISA":"ARMv8.5-A","CPU":"3.2 GHz 8-core (16× Firestorm + 4× Icestorm)","CPUID":"T6002","CPUCache":["L1i: 192 KB","L1d: 128 KB","L2: 24 MB","SLC: 64 MB"],"GPU":"48- or 64-core (up to 21.2 TFLOPs)","AIAccelerator":"32-core","Memory":"LPDDR5","Introduced":"March 18, 2022","Devices":["Mac Studio"]},{"Name":"M2","Model":"","Semiconductor":"5 nm (TSMC)","DieSize":"","Transistors":"","CPUISA":"ARMv8.5-A","CPU":"","CPUID":"T8112","CPUCache":[],"GPU":"","AIAccelerator":"","Memory":"","Introduced":"June 6, 2022","Devices":["MacBook Air (M2, 2022)","MacBook Pro (13-inch, M2, 2022)"]},{"Name":"VCPU","Model":"","Semiconductor":"","DieSize":"","Transistors":"","CPUISA":"ARMv8.4-A","CPU":"","CPUID":"vmapple2","CPUCache":[""],"GPU":"","AIAccelerator":"","Memory":"","Introduced":"","Devices":["Apple Virtual Machine 1"]},{"Name":"W1","Model":"343S00130343S00131","Semiconductor":"","DieSize":"14.3 mm2","Transistors":"","CPUISA":"","CPU":"","CPUID":"","CPUCache":[""],"GPU":"4.2","AIAccelerator":"","Memory":"","Bluetooth":"4.2","Introduced":"September 2016","Devices":["AirPods","Beats Solo3","Powerbeats3","BeatsX","Beats Studio3","HomePod"]},{"Name":"W2","Model":"338S00348","Semiconductor":"","DieSize":"","Transistors":"","CPUISA":"","CPU":"","CPUID":"","CPUCache":[""],"GPU":"","AIAccelerator":"","Memory":"","Bluetooth":"4.2","Introduced":"September 2017","Devices":["Apple Watch Series 3"]},{"Name":"W3","Model":"","Semiconductor":"","DieSize":"","Transistors":"","CPUISA":"unknown","CPU":"","CPUID":"","CPUCache":[""],"GPU":"","AIAccelerator":"","Memory":"","Bluetooth":"5.0","Introduced":"September 2018","Devices":["Apple Watch Series 4","Apple Watch Series 5"]},{"Name":"H1","Model":"343S00289","Semiconductor":"","DieSize":"","Transistors":"","CPUISA":"unknown","CPU":"","CPUID":"T2002","CPUCache":[""],"GPU":"","AIAccelerator":"","Memory":"","Bluetooth":"5.0","Introduced":"March 2019","Devices":["AirPods (2nd gen.)","Powerbeats Pro","Beats Solo Pro","AirPods Pro","AirPods Max"]},{"Name":"H2","Model":"","Semiconductor":"","DieSize":"","Transistors":"","CPUISA":"unknown","CPU":"","CPUID":"T2016","CPUCache":[""],"GPU":"","AIAccelerator":"","Memory":"","Bluetooth":"5.3","Introduced":"September 2022","Devices":["AirPods Pro (2nd gen.)"]},{"Name":"U1","Model":"","Semiconductor":"","DieSize":"","Transistors":"","CPUISA":"unknown","CPU":"","CPUID":"","CPUCache":[""],"GPU":"","AIAccelerator":"","Memory":"","Introduced":"September 2019","Devices":["iPhone 11","iPhone 11 Pro"]},{"Name":"R1","Model":"","Semiconductor":"","DieSize":"","Transistors":"","CPUISA":"unknown","CPU":"","CPUID":"T2006","CPUCache":[""],"GPU":"","AIAccelerator":"","Memory":"","Introduced":"","Devices":[]},{"Name":"Bat?","Model":"","Semiconductor":"","DieSize":"","Transistors":"","CPUISA":"unknown","CPU":"","CPUID":"T200","CPUCache":[""],"GPU":"","AIAccelerator":"","Memory":"","Introduced":"","Devices":[]}]
