{
    "exweb_task_result": [
        {
            "vul_id": "rj-001-0001",
            "is_vul": true,
            "url": "http://192.168.166.2/pikachu/vul/xss/xss_04.php?message=dsadad\u0026submit=submit",
            "details": "VULNERABLE to Cross-site scripting ,the Vaild payload:'; console.log('S8vpp0g2');//",
            "request_info": "",
            "response_info": "",
            "hostid": 0
        }
    ],
    "exweb_task_info": {
        "create_time": "",
        "end_time": "2022-11-28 17:13:28",
        "scan_time": "00小时00分钟22秒",
        "start_time": "2022-11-28 17:13:06",
        "task_id": 0,
        "task_name": ""
    }
}