[
	{
		"url":"/",
		"match":[
		{
			"re": "Powered by ASPCMS",
	        "name": "Aspcms",
	        "md5": ""
		},{
			"re": "Power By dedecms",
	        "name": "Dedecms",
	        "md5": ""
		},{
			"re": "Power By dede58",
	        "name": "Dedecms",
	        "md5": ""
		},{
			"re": "Power By discuz",
	        "name": "Discuz",
	        "md5": "",
	        "version":"Discuz! (X[\\d\\.]*?)\""
		},{
			"re": "drupal\\.js",
	        "name": "Drupal",
	        "md5": ""
		},{
			"re": "Powered by ECShop",
	        "name": "Ecshop",
	        "md5": "",
	        "version":"ECSHOP (v[\\d\\.]*?)\""
		},{
			"re": "Powered by.*?empirecms",
	        "name": "Empirecms",
	        "md5": ""
		},{
			"re": "Joomla!",
	        "name": "Joomla",
	        "md5": ""
		},{
			"re": "siteserver",
	        "name": "SiteServer",
	        "md5": ""
		},{
			"re": "Powered by phpwind",
	        "name": "PHPWind",
	        "md5": ""
		},{
			"re": "Powered by phpcms",
	        "name": "Phpcms",
	        "md5": ""
		},{
			"re": "Powered by kingcms",
	        "name": "Kingcms",
	        "md5": ""
		},{
			"re": "espcms",
	        "name": "EspCMS",
	        "md5": ""
		},{
		    "re": "ljcms",
        	"name": "LjCMS",
        	"md5": ""
        },{
		    "re": "Produced By 大汉网络",
        	"name": "大汉JCMS",
        	"md5": ""
        },{
		    "re": "大汉版通",
        	"name": "大汉JCMS",
        	"md5": ""
        },{
		    "re": "jcms",
        	"name": "大汉JCMS",
        	"md5": ""
        }]
	},
	{
	"url":"/favicon.ico",
	"match":[
	{
		"re": "",
    	"name": "Jingyi",
    	"md5": "32b016195f800b8d3e8d93fbd24583b4"
	},{
		"re": "",
        "name": "Discuz",
        "md5": "da29fc7c73e772825df360b435174eda"
	},{
	    "re": "",
        "name": "SupeSite",
        "md5": "50d9867b328c656c71a9e2eed840c505"
	},{
	     "re": "",
        "name": "Ecshop",
        "md5": "5c9c996e03cdee120657435096f65544"
	},{
		"re": "",
    	"name": "ecshop",
    	"md5": "bbc79252733e2e1a65cf0e92c62bdd7d"
	},{
	    "re": "",
    	"name": "PHPWind",
    	"md5": "b3bcd095c2fcea687203a9d2d1e6cce1"
    },{
    	"re": "",
    	"name": "泛微E-office",
    	"md5": "9b1d3f08ede38dbe699d6b2e72a8febb"
    },{
    	"re": "",
    	"name": "phpcms",
    	"md5": "6e9f36b06ea21f69f5374a0472c85415"
    },{
    	"re": "",
    	"name": "shopex",
    	"md5": "cf3bd71744aab1120d9c63f191a14682"
    },{
    	"re": "",
    	"name": "qibocms",
    	"md5": "f2474a2821a5b0700370f21de5768410"
    },{
    	"re": "",
    	"name": "qibosoft",
    	"md5": "325dd457ddcce988ff394aed56d7de1e"
    },{
    	"re": "",
    	"name": "destoon",
    	"md5": "8375be1e87528a6e6aca699910b1cace"
    },{
    	"re": "",
    	"name": "nitc",
    	"md5": "d2d7a03563fdf1d77b63f1c2c6e193ab"
    },{
    	"re": "",
    	"name": "Dzzoffice",
    	"md5": "8f7beb9a0409ba53680d99dff27c64fa"
    },{
    	"re": "",
    	"name": "cmseasy",
    	"md5": "1d3b0614059f6a05c7c382e5a0646237"
    },{
    	"re": "",
    	"name": "metinfo",
    	"md5": "2a9541b5c2225ed2f28734c0d75e456f"
    },{
    	"re": "",
    	"name": "mlecms",
    	"md5": "7d1ef8f5478fc951725b8858c371517b"
    },{
    	"re": "",
    	"name": "hishop",
    	"md5": "cdfff64428dabfee701d2594bd22ac83"
    },{
    	"re": "",
    	"name": "jumbotcms",
    	"md5": "4c6bb4f93b1feef197722ee9e167d337"
    },{
    	"re": "",
    	"name": "shlcms",
    	"md5": "d5bb00993027e53e5eedcb8a972250fa"
    },{
    	"re": "",
    	"name": "记事狗",
    	"md5": "17c451dcea93196956bce1c19e43b0e3"
    },{
    	"re": "",
    	"name": "cmstop",
    	"md5": "5f98a480d7b16e33811df8d5dc520fe5 | ecf667c14d3c6f3b0ae4b8b44b1f987a"
    },{
    	"re": "",
    	"name": "otcms",
    	"md5": "aee5467a4a6dbcc6a2cd3b080b08bbb8"
    },{
    	"re": "",
    	"name": "nitc",
    	"md5": "b0d09f9c0ae27e80485f1e35331cf327"
    },{
    	"re": "",
    	"name": "B2Bbuilder",
    	"md5": "05b54c4fff0791bbc052ec474bc11878"
    },{
    	"re": "",
    	"name": "hishop",
    	"md5": "1c59aa6bdc1892260632a6db296b01ea"
    },{
    	"re": "",
    	"name": "iwebshop",
    	"md5": "46ad7401bb5815164a01ad924ffb1436"
    },{
    	"re": "",
    	"name": "netgather",
    	"md5": "16081bbd2f74ca1711486fde438edecb"
    },{
    	"re": "",
    	"name": "mlecms",
    	"md5": "a68a2169436bd7a30f2f1e17c2a36b21"
    },{
        "re": "",
        "name": "Winmail Server",
        "md5": "645423e6c549f16a1dc6499ace25a95f | cb5aa723dddb0734cec459f2b9c3b1c4"
    },{
        "re": "",
        "name": "汇文图书馆书目检索系统",
        "md5": "ed52bbd9b356b05a7fb1d2073a2f8bc4"
    },{
        "re": "",
        "name": "OurPhp",
        "md5": "a081cf3acc29aa08a215607faa762e61"
    },{
        "re": "",
        "name": "MajExpress",
        "md5": "97dda29251b0146f85cb98097949510e"
    },{
        "re": "",
        "name": "MallBuilder",
        "md5": "9b808fca01060a77d853a56336c2d3fb"
    },{
        "re": "",
        "name": "EduSoho",
        "md5": "c1cea3b23c55e8fd9d66c7885aa1e378"
    },{
        "re": "",
        "name": "WilmarOA系统",
        "md5": "c37be212f8ab327c222a2585a3509f37"
    },{
        "re": "",
        "name": "WilmarOA系统",
        "md5": "96748229f5782e127a18a81fad22e6e1"
    },{
        "re": "",
        "name": "HituxCMS",
        "md5": "5fddf801db998ee1c70935401973215a"
    },{
        "re": "",
        "name": "XpShop",
        "md5": "384b381d3dcc1186252543d2b24a7499"
    },{
        "re": "",
        "name": "CxCms",
        "md5": "0ce60c8fab278c0e8c636f4f329f2a60"
    },{
        "re": "",
        "name": "H5酒店管理系统",
        "md5": "4dbf8141d340968d7d999e8ccea08d00"
    },{
        "re": "",
        "name": "AfterLogicWebMail系统",
        "md5": "3067abae7621517c9ba7c1865d6392be"
    },{
        "re": "",
        "name": "程氏舞曲CMS",
        "md5": "b52600e43c568a77eb3e3322b1b88bf4"
    },{
        "re": "",
        "name": "Jboos",
        "md5": "1b24a7a916a0e0901e381a0d6131b28d"
    },{
        "re": "",
        "name": "VeryIde",
        "md5": "d8e7a1956989675c08d8d35a0a792a29"
    },{
        "re": "",
        "name": "hishop",
        "md5": "763a44cd191c13f4a23270062aa9a9fd"
    },{
        "re": "",
        "name": "天柏在线考试系统",
        "md5": "da3eee9122f79d393ff6f105809c9d78"
    },{
        "re": "",
        "name": "TipAsk问答系统",
        "md5": "f6caa8f20ec8399cc3de29dcf5612209"
    },{
        "re": "",
        "name": "V5Shop",
        "md5": "9b77f0102bed99fb8643f003dfe42b8c"
    },{
        "re": "",
        "name": "DzzOffice",
        "md5": "42be3f74fcbbfcadf1cf30539e2f75a5"
    },{
        "re": "",
        "name": "时代企业邮",
        "md5": "c1c1a7d9cca179ad5c0518e9c4641232"
    },{
        "re": "",
        "name": "万户OA",
        "md5": "6c6265b5ca201dda38c07242d76b738d"
    },{
        "re": "",
        "name": "DuomiCMS",
        "md5": "7030be07704e7ef55371f513b79a96c0"
    }]
	},{
		"url":"/install/",
		"match":[
		{
	        "re": "aspcms",
	        "name": "AspCMS",
	        "md5": ""
		},{
		    "re": "drupal",
	        "name": "Drupal",
	        "md5": ""
		},{
		       "re": "ecshop",
        		"name": "Ecshop",
        		"md5": ""
        },{
            "re": "php168",
        	"name": "PHP168",
        	"md5": ""
        },{
            "re": "qiboSoft",
        	"name": "qiboSoft",
        	"md5": ""
        }]
	},{
		"url":"/readme.txt",
		"match":[{
	        "re": "php168",
	        "name": "PHP168",
	       	"md5": ""
		},{
	        "re": "wordpress",
	        "name": "WordPress",
	        "md5": ""
		}]
	},{
		"url":"/README.txt",
		"match":[
		{
	        "re": "drupal",
	        "name": "Drupal",
	        "md5": ""
		},{
        	"re": "joomla",
        	"name": "Joomla",
	        "md5": ""
		}]
	},{
		"url":"/CHANGELOG.txt",
		"match":[
		{
	        "re": "drupal",
	        "name": "Drupal",
	        "md5": ""
		}]
	},{
		"url":"/COPYRIGHT.txt",
		"match":[
		{
        "re": "drupal",
        "name": "Drupal",
	        "md5": ""
		}]
	},{
		"url":"/INSTALL.txt",
		"match":[
		{
        "re": "drupal",
        "name": "Drupal",
	        "md5": ""
		}]
	},{
		"url":"/UPGRADE.txt",
		"match":[
		{
	        "re": "drupal",
	        "name": "Drupal",
	        "md5": ""
		}]
	},{
		"url":"/.htaccess",
		"match":[
		{
        	"re": "drupal",
        	"name": "Drupal",
	        "md5": ""
		},{
			 "re": "joomla",
        	"name": "Joomla",
	        "md5": ""
		},{
		    "re": "",
        	"name": "Drupal",
        	"md5": "829f15436ace158a3bc822fb2216d212"
        }]
	},{
		"url":"/robots.txt",
		"match":[
		{
        	"re": "emlog",
        	"name": "Emlog",
	        "md5": ""
		},{
       		"re": "empirecms",
        	"name": "Empirecms",
	        "md5": ""
		},{
		    "re": "hdwiki",
        	"name": "HdWiki(中文维基)",
        	"md5": ""
		},{
	        "re": "discuz",
	        "name": "Discuz",
	        "md5": "",
	        "version":"Discuz! (X[\\d\\.]*?)\""
		},{
        	"re": "joomla",
        	"name": "Joomla",
	        "md5": ""
		},{
        	"re": "phpcms",
        	"name": "Phpcms",
	        "md5": "",
	        "version":"PHPCMS (v[\\d\\.]*?)\\s"
		},{
	        "re": "phpwind",
	        "name": "PHPWind",
	        "md5": ""
		},{
		    "re": "siteserver",
	        "name": "SiteServer",
	        "md5": ""
		},{
	        "re": "wordpress",
	        "name": "WordPress",
	        "md5": ""
		},{
	        "re": "Allow: /wp-admin/admin-ajax.php",
	        "name": "WordPress",
	        "md5": ""
		},{     
		    "re": "",
        	"name": "Dedecms",
        	"md5": "f3044cfb1433ee745f654ce8b64c8fc0"
        },{
            "re": "",
        	"name": "Discuz",
        	"md5": "2b5cb8618fba34f891ca7b59e232170a"
        },{
            "re": "",
        	"name": "SiteServer",
        	"md5": "daae653583650582032c5c258faa7d8a"
        },{
            "re": "",
        	"name": "Empirecms",
        	"md5": "d4c2ef34e9b27942aa80bd7a01f03a24"
        },{
            "re": "",
        	"name": "Empirecms",
        	"md5": "bfedf87aeb5035d6fb8aacc3f54265de"
        },{
            "re": "",
        	"name": "Phpcms",
        	"md5": "b8185cecb2bb24b2d0169f15e2ed09a8"
        },{
            "re": "",
        	"name": "Trunkey",
        	"md5": "295c8988a0655da2ffa6eb867e19eb41"
        }]
	},{
		"url":"/LICENSE",
		"match":[
		{
	        "re": "phpwind",
	        "name": "PHPWind",
	        "md5": ""
		},{
		    "re": "powereasy",
        	"name": "PowerEasy",
        	"md5": ""
        }]
	},{
		"url":"/license.txt",
		"match":[
		{
        	"re": "espcms",
        	"name": "EspCMS",
	        "md5": ""
		},{
        	"re": "powereasy",
        	"name": "PowerEasy",
	        "md5": ""
		},{
       		"re": "empirecms",
        	"name": "Empirecms",
	        "md5": ""
		},{        
			"re": "kingcms",
        	"name": "KingCMS",
        	"md5": ""
        },{        
	        "re": "phpwind",
	        "name": "PHPWind",
	        "md5": ""
        },{        
	        "re": "wordpress",
	        "name": "WordPress",
	        "md5": ""
        },{        
	        "re": "z-blog",
	        "name": "Z-Blog",
	        "md5": ""
        },{
            "re": "",
        	"name": "wordpress",
        	"md5": "2cea1e842759512fed9c64df919615a2"
        },{
	        "re": "",
	        "name": "PHPWind",
	        "md5": "1d7ac45421087cb8faaf8a83a8df8780"
        }]
	},{
		"url":"/Web.config",
		"match":[
		{
   			"re": "siteserver",
        	"name": "SiteServer",
	        "md5": ""
		},{
        	"re": "joomla",
        	"name": "Joomla",
	        "md5": ""
		},{
        	"re": "ljcms",
        	"name": "LjCMS",
	        "md5": ""
		},{
	        "re": "powereasy",
	        "name": "PowerEasy",
	        "md5": ""
		}]
	},{
		"url":"/about/_notes/dwsync.xml",
		"match":[
		{
	        "re": "aspcms",
	        "name": "AspCMS",
	        "md5": ""
		}]
	},{
		"url":"/admin/_Style/_notes/dwsync.xml",
		"match":[
		{
	        "re": "aspcms",
	        "name": "AspCMS",
	        "md5": ""
		}]
	}
	,{
		"url":"/apply/_notes/dwsync.xml",
		"match":[
		{
	        "re": "aspcms",
	        "name": "AspCMS",
	        "md5": ""
		}]
	},{
		"url":"/config/_notes/dwsync.xml",
		"match":[
		{
	        "re": "aspcms",
	        "name": "AspCMS",
	        "md5": ""
		}]
	},{
		"url":"/fckeditor/fckconfig.js",
		"match":[
		{
	        "re": "aspcms",
	        "name": "AspCMS",
	        "md5": ""
		}]
	},{
		"url":"/gbook/_notes/dwsync.xml",
		"match":[
		{
	        "re": "aspcms",
	        "name": "AspCMS",
	        "md5": ""
		}]
	},{
		"url":"/inc/_notes/dwsync.xml",
		"match":[
		{
	        "re": "aspcms",
	        "name": "AspCMS",
	        "md5": ""
		}]
	},{
		"url":"/plug/comment.html",
		"match":[
		{
	        "re": "aspcms",
	        "name": "AspCMS",
	        "md5": ""
		}]
	},{
		"url":"/data/admin/allowurl.txt",
		"match":[
		{
	        "re": "dedecms",
	        "name": "Dedecms",
	        "md5": ""
		}]
	},{
		"url":"/dede/action/css_body.css",
		"match":[
		{
	        "re": "dedecms",
	        "name": "Dedecms",
	        "md5": ""
		}]
	},{
		"url":"/dede/css_body.css",
		"match":[
		{
	        "re": "dedecms",
	        "name": "Dedecms",
	        "md5": ""
		}]
	},{
		"url":"/member/images/base.css",
		"match":[
		{
	        "re": "dedecms",
	        "name": "Dedecms",
	        "md5": ""
		}]
	},{
		"url":"/setup/license.html",
		"match":[
		{
	        "re": "dedecms",
	        "name": "Dedecms",
	        "md5": ""
		}]
	},{
		"url":"/bbcode.js",
		"match":[
		{
	        "re": "discuz",
	        "name": "Discuz",
	        "md5": ""
		}]
	},{
		"url":"/newsfader.js",
		"match":[
		{
	        "re": "discuz",
	        "name": "Discuz",
	        "md5": ""
		}]
	},{
		"url":"/u2upopup.js",
		"match":[
		{
	        "re": "discuz",
	        "name": "Discuz",
	        "md5": ""
		}]
	},{
		"url":"/images/admincp/admincp.js",
		"match":[
		{
	        "re": "discuz",
	        "name": "Discuz",
	        "md5": ""
		}]
	},{
		"url":"/include/javascript/ajax.js",
		"match":[
		{
	        "re": "discuz",
	        "name": "Discuz",
	        "md5": ""
		}]
	},{
		"url":"/mspace/default/style.ini",
		"match":[
		{
	        "re": "discuz",
	        "name": "Discuz",
	        "md5": ""
		}]
	},{
		"url":"/bbs/",
		"match":[
		{
	        "re": "discuz",
	        "name": "Discuz",
	        "md5": "",
	        "version":"Discuz! (X[\\d\\.]*?)\""
		}]
	},{
		"url":"/MAINTAINERS",
		"match":[
		{
	        "re": "drupal",
	        "name": "Drupal",
	        "md5": ""
		}]
	},{
		"url":"/.gitattributes",
		"match":[
		{
	        "re": "drupal",
	        "name": "Drupal",
	        "md5": ""
		}]
	},{
		"url":"/example.gitignore",
		"match":[
		{
	        "re": "drupal",
	        "name": "Drupal",
	        "md5": ""
		}]
	},{
		"url":"/themes/README.txt",
		"match":[
		{
	        "re": "drupal",
	        "name": "Drupal",
	        "md5": ""
		}]
	},{
		"url":"/sites/README.txt",
		"match":[
		{
	        "re": "drupal",
	        "name": "Drupal",
	        "md5": ""
		}]
	},{
		"url":"/profiles/README.txt",
		"match":[
		{
	        "re": "drupal",
	        "name": "Drupal",
	        "md5": ""
		}]
	},{
		"url":"/modules/README.txt",
		"match":[
		{
	        "re": "drupal",
	        "name": "Drupal",
	        "md5": ""
		}]
	},{
		"url":"/core/CHANGELOG.txt",
		"match":[
		{
	        "re": "drupal",
	        "name": "Drupal",
	        "md5": ""
		}]
	},{
		"url":"/core/vendor/README.txt",
		"match":[
		{
	        "re": "drupal",
	        "name": "Drupal",
	        "md5": ""
		}]
	},{
		"url":"/Admin/images/admin.js",
		"match":[
		{
        	"re": "dvbbs",
        	"name": "Dvbbs",
	        "md5": ""
		}]
	},{
		"url":"/admin/inc/admin.js",
		"match":[
		{
        	"re": "dvbbs",
        	"name": "Dvbbs",
	        "md5": ""
		}]
	},{
		"url":"/admin/left.htm",
		"match":[
		{
        	"re": "dvbbs",
        	"name": "Dvbbs",
	        "md5": ""
		}]
	},{
		"url":"/boke/CacheFile/System.config",
		"match":[
		{
        	"re": "dvbbs",
        	"name": "Dvbbs",
	        "md5": ""
		}]
	},{
		"url":"/boke/Script/Dv_form.js",
		"match":[
		{
        	"re": "dvbbs",
        	"name": "Dvbbs",
	        "md5": ""
		}]
	},{
		"url":"/Css/aqua/style.css",
		"match":[
		{
        	"re": "dvbbs",
        	"name": "Dvbbs",
	        "md5": ""
		}]
	},{
		"url":"/Css/cndw/pub_cndw.css",
		"match":[
		{
        	"re": "dvbbs",
        	"name": "Dvbbs",
	        "md5": ""
		}]
	},{
		"url":"/Css/gray/style.css",
		"match":[
		{
        	"re": "dvbbs",
        	"name": "Dvbbs",
	        "md5": ""
		}]
	},{
		"url":"/Css/green/pub_cndw_green.css",
		"match":[
		{
        	"re": "dvbbs",
        	"name": "Dvbbs",
	        "md5": ""
		}]
	},{
		"url":"/Css/red/style.css",
		"match":[
		{
        	"re": "dvbbs",
        	"name": "Dvbbs",
	        "md5": ""
		}]
	},{
		"url":"/Css/yellow/style.css",
		"match":[
		{
        	"re": "dvbbs",
        	"name": "Dvbbs",
	        "md5": ""
		}]
	},{
		"url":"/dv_edit/main.js",
		"match":[
		{
        	"re": "dvbbs",
        	"name": "Dvbbs",
	        "md5": ""
		}]
	},{
		"url":"/admin/js/validator.js",
		"match":[
		{
        	"re": "ecshop",
        	"name": "Ecshop",
	        "md5": ""
		}]
	},{
		"url":"/alipay.html",
		"match":[
		{
        	"re": "ecshop",
        	"name": "Ecshop",
	        "md5": ""
		}]
	},{
		"url":"/admin/help/zh_cn/database.xml",
		"match":[
		{
        	"re": "ecshop",
        	"name": "Ecshop",
	        "md5": ""
		}]
	},{
		"url":"/data/cycle_image.xml",
		"match":[
		{
        	"re": "ecshop",
        	"name": "Ecshop",
	        "md5": ""
		}]
	},{
		"url":"/data/flashdata/default/cycle_image.xml",
		"match":[
		{
        	"re": "ecshop",
        	"name": "Ecshop",
	        "md5": ""
		}]
	},{
		"url":"/demo/js/check.js",
		"match":[
		{
        	"re": "ecshop",
        	"name": "Ecshop",
	        "md5": ""
		}]
	},{
		"url":"/demo/templates/faq_en_us_utf-8.htm",
		"match":[
		{
        	"re": "ecshop",
        	"name": "Ecshop",
	        "md5": ""
		}]
	},{
		"url":"/themes/default/style.css",
		"match":[
		{
        	"re": "ecshop",
        	"name": "Ecshop",
	        "md5": ""
		}]
	},{
		"url":"/install/js/transport.js",
		"match":[
		{
        	"re": "ecshop",
        	"name": "Ecshop",
	        "md5": ""
		}]
	},{
		"url":"/js/transport.js",
		"match":[
		{
        	"re": "ecshop",
        	"name": "Ecshop",
	        "md5": ""
		}]
	},{
		"url":"/mobile/templates/article.html",
		"match":[
		{
        	"re": "ecshop",
        	"name": "Ecshop",
	        "md5": ""
		}]
	},{
		"url":"/widget/blog_sohu.xhtml",
		"match":[
		{
        	"re": "ecshop",
        	"name": "Ecshop",
	        "md5": ""
		}]
	},{
		"url":"/animated_favicon.gif",
		"match":[
		{
	        "re": "",
	        "name": "ecshop",
	        "md5": "428b23d688f0f756d2881346d07f882f"
		}]
	},{
		"url":"/wlwmanifest.xml",
		"match":[
		{
        	"re": "emlog",
        	"name": "Emlog",
	        "md5": ""
		}]
	},{
		"url":"/content/cache/links",
		"match":[
		{
        	"re": "emlog",
        	"name": "Emlog",
	        "md5": ""
		}]
	},{
		"url":"/content/cache/options",
		"match":[
		{
        	"re": "emlog",
        	"name": "Emlog",
	        "md5": ""
		}]
	},{
		"url":"/content/cache/blogger",
		"match":[
		{
        	"re": "emlog",
        	"name": "Emlog",
	        "md5": ""
		}]
	},{
		"url":"/admin/views/default/main.css",
		"match":[
		{
        	"re": "emlog",
        	"name": "Emlog",
	        "md5": ""
		}]
	},{
		"url":"/content/templates/default/tpl.ini",
		"match":[
		{
	        "re": "emlog",
	        "name": "Emlog",
	        "md5": ""
		}]
	},{
		"url":"/admin/views/style/default/style.css",
		"match":[
		{
	        "re": "emlog",
	        "name": "Emlog",
	        "md5": ""
		}]
	},{
		"url":"/admin/views/style/green/style.css",
		"match":[
		{
	        "re": "emlog",
	        "name": "Emlog",
	        "md5": ""
		}]
	},{
		"url":"/content/templates/default/main.css",
		"match":[
		{
	        "re": "emlog",
	        "name": "Emlog",
	        "md5": ""
		}]
	},{
		"url":"/d/file/index.html",
		"match":[
		{
        	"re": "empirecms",
        	"name": "Empirecms",
	        "md5": ""
		}]
	},{
		"url":"/d/file/p/index.html",
		"match":[
		{
        	"re": "empirecms",
        	"name": "Empirecms",
	        "md5": ""
		}]
	},{
		"url":"/d/js/acmsd/index.html",
		"match":[
		{
        	"re": "empirecms",
        	"name": "Empirecms",
	        "md5": ""
		}]
	},{
		"url":"/d/js/js/hotnews.js",
		"match":[
		{
        	"re": "empirecms",
        	"name": "Empirecms",
	        "md5": ""
		}]
	},{
		"url":"/d/js/pic/index.html",
		"match":[
		{
        	"re": "empirecms",
        	"name": "Empirecms",
	        "md5": ""
		}]
	},{
		"url":"/d/js/vote/index.html",
		"match":[
		{
        	"re": "empirecms",
        	"name": "Empirecms",
	        "md5": ""
		}]
	},{
		"url":"/d/txt/index.html",
		"match":[
		{
        	"re": "empirecms",
        	"name": "Empirecms",
	        "md5": ""
		}]
	},{
		"url":"/e/admin/adminstyle/1/page/about.htm",
		"match":[
		{
        	"re": "empirecms",
        	"name": "Empirecms",
	        "md5": ""
		}]
	},{
		"url":"/e/admin/user/data/certpage.txt",
		"match":[
		{
        	"re": "empirecms",
        	"name": "Empirecms",
	        "md5": ""
		}]
	},{
		"url":"/e/data/fc/index.html",
		"match":[
		{
        	"re": "empirecms",
        	"name": "Empirecms",
	        "md5": ""
		}]
	},{
		"url":"/e/data/tmp/cj/index.html",
		"match":[
		{
        	"re": "empirecms",
        	"name": "Empirecms",
	        "md5": ""
		}]
	},{
		"url":"/e/extend/index.html",
		"match":[
		{
        	"re": "empirecms",
        	"name": "Empirecms",
	        "md5": ""
		}]
	},{
		"url":"/e/tasks/index.html",
		"match":[
		{
        	"re": "empirecms",
        	"name": "Empirecms",
	        "md5": ""
		}]
	},{
		"url":"/html/index.html",
		"match":[
		{
        	"re": "empirecms",
        	"name": "Empirecms",
	        "md5": ""
		}]
	},{
		"url":"/s/index.html",
		"match":[
		{
        	"re": "empirecms",
        	"name": "Empirecms",
	        "md5": ""
		}]
	},{
		"url":"/adminsoft/control/connected.php",
		"match":[
		{
        	"re": "espcms",
        	"name": "EspCMS",
	        "md5": ""
		}]
	},{
		"url":"/adminsoft/control/sqlmanage.php",
		"match":[
		{
        	"re": "espcms",
        	"name": "EspCMS",
	        "md5": ""
		}]
	},{
		"url":"/adminsoft/js/control.js",
		"match":[
		{
        	"re": "espcms",
        	"name": "EspCMS",
	        "md5": ""
		}]
	},{
		"url":"/install/lan_inc.php",
		"match":[
		{
        	"re": "espcms",
        	"name": "EspCMS",
	        "md5": ""
		}]
	},{
		"url":"/install/sys_inc.php",
		"match":[
		{
        	"re": "espcms",
        	"name": "EspCMS",
	        "md5": ""
		}]
	},{
		"url":"/install/templates/step.html",
		"match":[
		{
        	"re": "espcms",
        	"name": "EspCMS",
	        "md5": ""
		}]
	},{
		"url":"/public/class_dbmysql.php",
		"match":[
		{
        	"re": "espcms",
        	"name": "EspCMS",
	        "md5": ""
		}]
	},{
		"url":"/templates/wap/cn/public/footer.html",
		"match":[
		{
        	"re": "espcms",
        	"name": "EspCMS",
	        "md5": ""
		}]
	},{
		"url":"/Index.html",
		"match":[
		{
        	"re": "foosuncms",
        	"name": "FoosunCMS",
	        "md5": ""
		}]
	},{
		"url":"/Apsearch.html",
		"match":[
		{
        	"re": "foosuncms",
        	"name": "FoosunCMS",
	        "md5": ""
		}]
	},{
		"url":"/search.html",
		"match":[
		{
        	"re": "foosuncms",
        	"name": "FoosunCMS",
	        "md5": ""
		}]
	},{
		"url":"/Tags.html",
		"match":[
		{
        	"re": "foosuncms",
        	"name": "FoosunCMS",
	        "md5": ""
		}]
	},{
		"url":"/down/index.html",
		"match":[
		{
        	"re": "foosuncms",
        	"name": "FoosunCMS",
	        "md5": ""
		}]
	},{
		"url":"/Foosun/Admin/Mall/Mall_Factory.Asp",
		"match":[
		{
        	"re": "foosuncms",
        	"name": "FoosunCMS",
	        "md5": ""
		}]
	},{
		"url":"/Templets/about/index.htm",
		"match":[
		{
        	"re": "foosuncms",
        	"name": "FoosunCMS",
	        "md5": ""
		}]
	},{
		"url":"/Templets/pro/cms.htm",
		"match":[
		{
        	"re": "foosuncms",
        	"name": "FoosunCMS",
	        "md5": ""
		}]
	},{
		"url":"/Users/All_User.Asp",
		"match":[
		{
        	"re": "foosuncms",
        	"name": "FoosunCMS",
	        "md5": ""
		}]
	},{
		"url":"/Users/Mall/OrderPrint.Asp",
		"match":[
		{
        	"re": "foosuncms",
        	"name": "FoosunCMS",
	        "md5": ""
		}]
	},{
		"url":"/xml/products/dotnetcmsversion.xml",
		"match":[
		{
        	"re": "foosuncms",
        	"name": "FoosunCMS",
	        "md5": ""
		}]
	},{
		"url":"/js/api.js",
		"match":[
		{
        	"re": "hdwiki",
        	"name": "HdWiki(中文维基)",
	        "md5": ""
		}]
	},{
		"url":"/js/editor/editor.js",
		"match":[
		{
        	"re": "hdwiki",
        	"name": "HdWiki(中文维基)",
	        "md5": ""
		}]
	},{
		"url":"/js/hdeditor/hdeditor.min.js",
		"match":[
		{
        	"re": "hdwiki",
        	"name": "HdWiki(中文维基)",
	        "md5": ""
		}]
	},{
		"url":"/js/hdeditor/skins/content.css",
		"match":[
		{
        	"re": "hdwiki",
        	"name": "HdWiki(中文维基)",
	        "md5": ""
		}]
	},{
		"url":"/js/jqeditor/skins/content_default.css",
		"match":[
		{
        	"re": "hdwiki",
        	"name": "HdWiki(中文维基)",
	        "md5": ""
		}]
	},{
		"url":"/plugins/hdapi/view/admin_hdapi.htm",
		"match":[
		{
        	"re": "hdwiki",
        	"name": "HdWiki(中文维基)",
	        "md5": ""
		}]
	},{
		"url":"/plugins/mwimport/desc.xml",
		"match":[
		{
        	"re": "hdwiki",
        	"name": "HdWiki(中文维基)",
	        "md5": ""
		}]
	},{
		"url":"/plugins/mwimport/view/admin_mwimport.htm",
		"match":[
		{
        	"re": "hdwiki",
        	"name": "HdWiki(中文维基)",
	        "md5": ""
		}]
	},{
		"url":"/plugins/ucenter/view/admin_ucenter.htm",
		"match":[
		{
        	"re": "hdwiki",
        	"name": "HdWiki(中文维基)",
	        "md5": ""
		}]
	},{
		"url":"/style/default/admin/admin.css",
		"match":[
		{
        	"re": "hdwiki",
        	"name": "HdWiki(中文维基)",
	        "md5": ""
		}]
	},{
		"url":"/style/default/desc.xml",
		"match":[
		{
        	"re": "hdwiki",
        	"name": "HdWiki(中文维基)",
	        "md5": ""
		}]
	},{
		"url":"/view/default/admin_addlink.htm",
		"match":[
		{
        	"re": "hdwiki",
        	"name": "HdWiki(中文维基)",
	        "md5": ""
		}]
	},{
		"url":"/CONTRIBUTING.md",
		"match":[
		{
        	"re": "joomla",
        	"name": "Joomla",
	        "md5": ""
		}]
	},{
		"url":"/phpunit.xml.dist",
		"match":[
		{
        	"re": "joomla",
        	"name": "Joomla",
	        "md5": ""
		}]
	},{
		"url":"/installation/CHANGELOG",
		"match":[
		{
        	"re": "joomla",
        	"name": "Joomla",
	        "md5": ""
		}]
	},{
		"url":"/administrator/components/com_login/login.xml",
		"match":[
		{
        	"re": "joomla",
        	"name": "Joomla",
	        "md5": ""
		}]
	},{
		"url":"/components/com_wrapper/wrapper.xml",
		"match":[
		{
        	"re": "joomla",
        	"name": "Joomla",
	        "md5": ""
		}]
	},{
		"url":"/installation/language/en-GB/en-GB.ini",
		"match":[
		{
        	"re": "joomla",
        	"name": "Joomla",
	        "md5": ""
		}]
	},{
		"url":"/installation/language/en-US/en-US.ini",
		"match":[
		{
        	"re": "joomla",
        	"name": "Joomla",
	        "md5": ""
		}]
	},{
		"url":"/installation/language/zh-CN/zh-CN.ini",
		"match":[
		{
        	"re": "joomla",
        	"name": "Joomla",
	        "md5": ""
		}]
	},{
		"url":"/media/com_finder/js/indexer.js",
		"match":[
		{
        	"re": "joomla",
        	"name": "Joomla",
	        "md5": ""
		}]
	},{
		"url":"/media/editors/tinymce/templates/template_list.js",
		"match":[
		{
        	"re": "joomla",
        	"name": "Joomla",
	        "md5": ""
		}]
	},{
		"url":"/media/jui/css/chosen.css",
		"match":[
		{
        	"re": "joomla",
        	"name": "Joomla",
	        "md5": ""
		}]
	},{
		"url":"/modules/mod_banners/mod_banners.xml",
		"match":[
		{
        	"re": "joomla",
        	"name": "Joomla",
	        "md5": ""
		}]
	},{
		"url":"/templates/atomic/css/template.css",
		"match":[
		{
        	"re": "joomla",
        	"name": "Joomla",
	        "md5": ""
		}]
	},{
		"url":"/Admin/Include/version.xml",
		"match":[
		{
        	"re": "kesioncms",
        	"name": "KesionCMS",
	        "md5": "",
	        "version":"<version>([\\d\\.]*?)</version>"
		}]
	},{
		"url":"/API/api.config",
		"match":[
		{
        	"re": "kesioncms",
        	"name": "KesionCMS",
	        "md5": ""
		}]
	},{
		"url":"/Config/filtersearch/s3.xml",
		"match":[
		{
        	"re": "kesioncms",
        	"name": "KesionCMS",
	        "md5": ""
		}]
	},{
		"url":"/czfy/template/index.html",
		"match":[
		{
        	"re": "kesioncms",
        	"name": "KesionCMS",
	        "md5": ""
		}]
	},{
		"url":"/esf/template/index.html",
		"match":[
		{
        	"re": "kesioncms",
        	"name": "KesionCMS",
	        "md5": ""
		}]
	},{
		"url":"/images/css.css.lnk",
		"match":[
		{
        	"re": "kesioncms",
        	"name": "KesionCMS",
	        "md5": ""
		}]
	},{
		"url":"/KS_Inc/ajax.js",
		"match":[
		{
        	"re": "kesioncms",
        	"name": "KesionCMS",
	        "md5": ""
		}]
	},{
		"url":"/Space/js/ks.space.page.js",
		"match":[
		{
        	"re": "kesioncms",
        	"name": "KesionCMS",
	        "md5": ""
		}]
	},{
		"url":"/template/common/activecode.html",
		"match":[
		{
        	"re": "kesioncms",
        	"name": "KesionCMS",
	        "md5": ""
		}]
	},{
		"url":"/install.sql",
		"match":[
		{
        	"re": "kingcms",
        	"name": "KingCMS",
	        "md5": ""
		}]
	},{
		"url":"/install.php",
		"match":[
		{
        	"re": "kingcms",
        	"name": "KingCMS",
	        "md5": ""
		}]
	},{
		"url":"/INSTALL.php",
		"match":[
		{
        	"re": "kingcms",
        	"name": "KingCMS",
	        "md5": ""
		}]
	},{
		"url":"/ad.asp",
		"match":[
		{
        	"re": "kingcms",
        	"name": "KingCMS",
	        "md5": ""
		}]
	},{
		"url":"/collect.asp",
		"match":[
		{
        	"re": "kingcms",
        	"name": "KingCMS",
	        "md5": ""
		}]
	},{
		"url":"/counter.asp",
		"match":[
		{
        	"re": "kingcms",
        	"name": "KingCMS",
	        "md5": ""
		}]
	},{
		"url":"/create.asp",
		"match":[
		{
        	"re": "kingcms",
        	"name": "KingCMS",
	        "md5": ""
		}]
	},{
		"url":"/INSTALL.asp",
		"match":[
		{
        	"re": "kingcms",
        	"name": "KingCMS",
	        "md5": ""
		}]
	},{
		"url":"/link.asp",
		"match":[
		{
        	"re": "kingcms",
        	"name": "KingCMS",
	        "md5": ""
		}]
	},{
		"url":"/main.asp",
		"match":[
		{
        	"re": "kingcms",
        	"name": "KingCMS",
	        "md5": ""
		}]
	},{
		"url":"/menu.asp",
		"match":[
		{
        	"re": "kingcms",
        	"name": "KingCMS",
	        "md5": ""
		}]
	},{
		"url":"/template.asp",
		"match":[
		{
        	"re": "kingcms",
        	"name": "KingCMS",
	        "md5": ""
		}]
	},{
		"url":"/user.asp",
		"match":[
		{
        	"re": "kingcms",
        	"name": "KingCMS",
	        "md5": ""
		}]
	},{
		"url":"/Admin/MasterPage/Default.Master",
		"match":[
		{
        	"re": "ljcms",
        	"name": "LjCMS",
	        "md5": ""
		}]
	},{
		"url":"/ashx/comment.ashx",
		"match":[
		{
        	"re": "ljcms",
        	"name": "LjCMS",
	        "md5": ""
		}]
	},{
		"url":"/Ch/Index.Asp",
		"match":[
		{
        	"re": "ljcms",
        	"name": "LjCMS",
	        "md5": ""
		}]
	},{
		"url":"/En/Index.Asp",
		"match":[
		{
        	"re": "ljcms",
        	"name": "LjCMS",
	        "md5": ""
		}]
	},{
		"url":"/en/Module/AboutDetail.ascx",
		"match":[
		{
        	"re": "ljcms",
        	"name": "LjCMS",
	        "md5": ""
		}]
	},{
		"url":"/Html_skin30/downclass_29_1.html",
		"match":[
		{
        	"re": "ljcms",
        	"name": "LjCMS",
	        "md5": ""
		}]
	},{
		"url":"/T/skin01/enindex.html",
		"match":[
		{
        	"re": "ljcms",
        	"name": "LjCMS",
	        "md5": ""
		}]
	},{
		"url":"/T/skin05/about.html",
		"match":[
		{
        	"re": "ljcms",
        	"name": "LjCMS",
	        "md5": ""
		}]
	},{
		"url":"/Enrss.xml",
		"match":[
		{
        	"re": "ljcms",
        	"name": "LjCMS",
	        "md5": ""
		}]
	},{
		"url":"/En/Foot.Asp",
		"match":[
		{
        	"re": "ljcms",
        	"name": "LjCMS",
	        "md5": ""
		}]
	},{
		"url":"/cms/install/index.html",
		"match":[
		{
        	"re": "php168",
        	"name": "PHP168",
	        "md5": ""
		}]
	},{
		"url":"/ewebeditor/KindEditor.js",
		"match":[
		{
        	"re": "php168",
        	"name": "PHP168",
	        "md5": ""
		}]
	},{
		"url":"/form/install/data.sql",
		"match":[
		{
        	"re": "php168",
        	"name": "PHP168",
	        "md5": ""
		}]
	},{
		"url":"/hack/cnzz/template/menu.htm",
		"match":[
		{
        	"re": "php168",
        	"name": "PHP168",
	        "md5": ""
		}]
	},{
		"url":"/help/main.html",
		"match":[
		{
        	"re": "php168",
        	"name": "PHP168",
	        "md5": ""
		}]
	},{
		"url":"/images/dialog.css",
		"match":[
		{
        	"re": "php168",
        	"name": "PHP168",
	        "md5": ""
		}]
	},{
		"url":"/js/util.js",
		"match":[
		{
        	"re": "php168",
        	"name": "PHP168",
	        "md5": ""
		}]
	},{
		"url":"/plugin/qqconnect/bind.html",
		"match":[
		{
        	"re": "php168",
        	"name": "PHP168",
	        "md5": ""
		}]
	},{
		"url":"/skin/admin/style.css",
		"match":[
		{
        	"re": "php168",
        	"name": "PHP168",
	        "md5": ""
		}]
	},{
		"url":"/template/admin/ask/config.html",
		"match":[
		{
        	"re": "php168",
        	"name": "PHP168",
	        "md5": ""
		}]
	},{
		"url":"/index.html",
		"match":[
		{
        	"re": "phpcms",
        	"name": "Phpcms",
	        "md5": "",
	        "version":"PHPCMS.*?(v[\\d\\.]*?)<"
		}]
	},{
		"url":"/admin/index.htm",
		"match":[
		{
        	"re": "phpcms",
        	"name": "Phpcms",
	        "md5": ""
		}]
	},{
		"url":"/ads/install/templates/ads-float.html",
		"match":[
		{
        	"re": "phpcms",
        	"name": "Phpcms",
	        "md5": ""
		}]
	},{
		"url":"/announce/install/templates/index.html",
		"match":[
		{
        	"re": "phpcms",
        	"name": "Phpcms",
	        "md5": ""
		}]
	},{
		"url":"/comment/include/js/comment.js",
		"match":[
		{
        	"re": "phpcms",
        	"name": "Phpcms",
	        "md5": ""
		}]
	},{
		"url":"/data/js/config.js",
		"match":[
		{
        	"re": "phpcms",
        	"name": "Phpcms",
	        "md5": ""
		}]
	},{
		"url":"/digg/install/templates/index.html",
		"match":[
		{
        	"re": "phpcms",
        	"name": "Phpcms",
	        "md5": ""
		}]
	},{
		"url":"/editor/js/editor.js",
		"match":[
		{
        	"re": "phpcms",
        	"name": "Phpcms",
	        "md5": ""
		}]
	},{
		"url":"/formguide/install/templates/form_index.html",
		"match":[
		{
        	"re": "phpcms",
        	"name": "Phpcms",
	        "md5": ""
		}]
	},{
		"url":"/guestbook/install/templates/index.html",
		"match":[
		{
        	"re": "phpcms",
        	"name": "Phpcms",
	        "md5": ""
		}]
	},{
		"url":"/images/js/admin.js",
		"match":[
		{
        	"re": "phpcms",
        	"name": "Phpcms",
	        "md5": ""
		}]
	},{
		"url":"/install/cms_index.html",
		"match":[
		{
        	"re": "phpcms",
        	"name": "Phpcms",
	        "md5": ""
		}]
	},{
		"url":"/link/install/templates/index.html",
		"match":[
		{
        	"re": "phpcms",
        	"name": "Phpcms",
	        "md5": ""
		}]
	},{
		"url":"/member/include/js/login.js",
		"match":[
		{
        	"re": "phpcms",
        	"name": "Phpcms",
	        "md5": ""
		}]
	},{
		"url":"/page/aboutus.html",
		"match":[
		{
        	"re": "phpcms",
        	"name": "Phpcms",
	        "md5": ""
		}]
	},{
		"url":"/templates/default/info/area.html",
		"match":[
		{
        	"re": "phpcms",
        	"name": "Phpcms",
	        "md5": ""
		}]
	},{
		"url":"/recommend.html",
		"match":[
		{
	        "re": "phpwind",
	        "name": "PHPWind",
	        "md5": ""
		}]
	},{
		"url":"/humans.txt",
		"match":[
		{
	        "re": "phpwind",
	        "name": "PHPWind",
	        "md5": ""
		}]
	},{
		"url":"/wind/readme",
		"match":[
		{
	        "re": "phpwind",
	        "name": "PHPWind",
	        "md5": ""
		}]
	},{
		"url":"/conf/md5sum",
		"match":[
		{
	        "re": "phpwind",
	        "name": "PHPWind",
	        "md5": ""
		}]
	},{
		"url":"/api/agent.html",
		"match":[
		{
	        "re": "phpwind",
	        "name": "PHPWind",
	        "md5": ""
		}]
	},{
		"url":"/data/lang/zh_cn.js",
		"match":[
		{
	        "re": "phpwind",
	        "name": "PHPWind",
	        "md5": ""
		}]
	},{
		"url":"/hack/app/info.xml",
		"match":[
		{
	        "re": "phpwind",
	        "name": "PHPWind",
	        "md5": ""
		}]
	},{
		"url":"/html/js/index.html",
		"match":[
		{
	        "re": "phpwind",
	        "name": "PHPWind",
	        "md5": ""
		}]
	},{
		"url":"/js/magic.js",
		"match":[
		{
	        "re": "phpwind",
	        "name": "PHPWind",
	        "md5": ""
		}]
	},{
		"url":"/rss.xsl",
		"match":[
		{
	        "re": "powereasy",
	        "name": "PowerEasy",
	        "md5": ""
		}]
	},{
		"url":"/JS/checklogin.js",
		"match":[
		{
	        "re": "powereasy",
	        "name": "PowerEasy",
	        "md5": "",
	        "version":"PowerEasy Cms([\\d\\.]*?)\\s"
		}]
	},{
		"url":"/Temp/ajaxnote.txt",
		"match":[
		{
	        "re": "powereasy",
	        "name": "PowerEasy",
	        "md5": ""
		}]
	},{
		"url":"/API/Request.xml",
		"match":[
		{
	        "re": "powereasy",
	        "name": "PowerEasy",
	        "md5": ""
		}]
	},{
		"url":"/admin/template/article_more/config.htm",
		"match":[
		{
	        "re": "qiboSoft",
	        "name": "qiboSoft",
	        "md5": ""
		}]
	},{
		"url":"/admin/template/blend/set.htm",
		"match":[
		{
	        "re": "qiboSoft",
	        "name": "qiboSoft",
	        "md5": ""
		}]
	},{
		"url":"/a_d/install/data.sql",
		"match":[
		{
	        "re": "qiboSoft",
	        "name": "qiboSoft",
	        "md5": ""
		}]
	},{
		"url":"/admin/template/center/config.htm",
		"match":[
		{
	        "re": "qiboSoft",
	        "name": "qiboSoft",
	        "md5": ""
		}]
	},{
		"url":"/admin/template/cutimg/cutimg.htm",
		"match":[
		{
	        "re": "qiboSoft",
	        "name": "qiboSoft",
	        "md5": ""
		}]
	},{
		"url":"/admin/template/foot.htm",
		"match":[
		{
	        "re": "qiboSoft",
	        "name": "qiboSoft",
	        "md5": ""
		}]
	},{
		"url":"/admin/template/fu_sort/editsort.htm",
		"match":[
		{
	        "re": "qiboSoft",
	        "name": "qiboSoft",
	        "md5": ""
		}]
	},{
		"url":"/admin/template/html/set.htm",
		"match":[
		{
	        "re": "qiboSoft",
	        "name": "qiboSoft",
	        "md5": ""
		}]
	},{
		"url":"/LiveServer/Inc/html_head.inc",
		"match":[
		{
	        "re": "siteserver",
	        "name": "SiteServer",
	        "md5": ""
		}]
	},{
		"url":"/SiteFiles/bairong/TextEditor/ckeditor/plugins/nextpage/plugin.js",
		"match":[
		{
	        "re": "siteserver",
	        "name": "SiteServer",
	        "md5": ""
		}]
	},{
		"url":"/SiteFiles/bairong/TextEditor/eWebEditor/language/zh-cn.js",
		"match":[
		{
	        "re": "siteserver",
	        "name": "SiteServer",
	        "md5": ""
		}]
	},{
		"url":"/SiteFiles/bairong/TextEditor/eWebEditor/style/coolblue.js",
		"match":[
		{
	        "re": "siteserver",
	        "name": "SiteServer",
	        "md5": ""
		}]
	},{
		"url":"/UserCenter/Inc/script.js",
		"match":[
		{
	        "re": "siteserver",
	        "name": "SiteServer",
	        "md5": ""
		}]
	},{
		"url":"/Add.ASP",
		"match":[
		{
	        "re": "southidc",
	        "name": "Southidc",
	        "md5": ""
		}]
	},{
		"url":"/Ads/left.js",
		"match":[
		{
	        "re": "southidc",
	        "name": "Southidc",
	        "md5": ""
		}]
	},{
		"url":"/Asp/ImageList.Asp",
		"match":[
		{
	        "re": "southidc",
	        "name": "Southidc",
	        "md5": ""
		}]
	},{
		"url":"/Css/Style.css",
		"match":[
		{
	        "re": "southidc",
	        "name": "Southidc",
	        "md5": ""
		}]
	},{
		"url":"/Images/ad.js",
		"match":[
		{
	        "re": "southidc",
	        "name": "Southidc",
	        "md5": ""
		}]
	},{
		"url":"/Inc/NoSqlHack.Asp",
		"match":[
		{
	        "re": "southidc",
	        "name": "Southidc",
	        "md5": ""
		}]
	},{
		"url":"/help.txt",
		"match":[
		{
	        "re": "wordpress",
	        "name": "WordPress",
	        "md5": ""
		}]
	},{
		"url":"/readme.html",
		"match":[
		{
	        "re": "wordpress",
	        "name": "WordPress",
	        "md5": ""
		}]
	},{
		"url":"/readme.htm",
		"match":[
		{
	        "re": "wordpress",
	        "name": "WordPress",
	        "md5": ""
		}]
	},{
		"url":"/wp-admin/css/colors-classic.css",
		"match":[
		{
	        "re": "wordpress",
	        "name": "WordPress",
	        "md5": ""
		}]
	},{
		"url":"/wp-admin/js/media-upload.dev.js",
		"match":[
		{
	        "re": "wordpress",
	        "name": "WordPress",
	        "md5": ""
		}]
	},{
		"url":"/wp-content/plugins/akismet/akismet.js",
		"match":[
		{
	        "re": "wordpress",
	        "name": "WordPress",
	        "md5": ""
		}]
	},{
		"url":"/wp-content/themes/classic/rtl.css",
		"match":[
		{
	        "re": "wordpress",
        	"name": "WordPress",
	        "md5": ""
		}]
	},{
		"url":"/wp-content/themes/twentyeleven/readme.txt",
		"match":[
		{
	        "re": "wordpress",
	        "name": "WordPress",
	        "md5": ""
		}]
	},{
		"url":"/wp-content/themes/twentyten/style.css",
		"match":[
		{
	        "re": "wordpress",
	        "name": "WordPress",
	        "md5": ""
		}]
	},{
		"url":"/wp-includes/css/buttons.css",
		"match":[
		{
	        "re": "wordpress",
	        "name": "WordPress",
	        "md5": ""
		}]
	},{
		"url":"/wp-includes/js/scriptaculous/wp-scriptaculous.js",
		"match":[
		{
	        "re": "wordpress",
	        "name": "WordPress",
	        "md5": ""
		}]
	},{
		"url":"/PLUGIN/BackupDB/plugin.xml",
		"match":[
		{
	        "re": "z-blog",
	        "name": "Z-Blog",
	        "md5": ""
		}]
	},{
		"url":"/PLUGIN/PingTool/plugin.xml",
		"match":[
		{
	        "re": "z-blog",
	        "name": "Z-Blog",
	        "md5": ""
		}]
	},{
		"url":"/PLUGIN/PluginSapper/plugin.xml",
		"match":[
		{
	        "re": "z-blog",
	        "name": "Z-Blog",
	        "md5": ""
		}]
	},{
		"url":"/PLUGIN/ThemeSapper/plugin.xml",
		"match":[
		{
	        "re": "z-blog",
	        "name": "Z-Blog",
	        "md5": ""
		}]
	},{
		"url":"/SCRIPT/common.js",
		"match":[
		{
	        "re": "z-blog",
	        "name": "Z-Blog",
	        "md5": ""
		}]
	},{
		"url":"/THEMES/default/TEMPLATE/catalog.html",
		"match":[
		{
	        "re": "z-blog",
	        "name": "Z-Blog",
	        "md5": ""
		}]
	},{
		"url":"/THEMES/default/theme.xml",
		"match":[
		{
	        "re": "z-blog",
	        "name": "Z-Blog",
	        "md5": ""
		}]
	},{
		"url":"/zb_system/DEFEND/default/footer.html",
		"match":[
		{
	        "re": "z-blog",
	        "name": "Z-Blog",
	        "md5": ""
		}]
	},{
		"url":"/zb_users/THEME/metro/theme.xml",
		"match":[
		{
	        "re": "z-blog",
	        "name": "Z-Blog",
	        "md5": ""
		}]
	},{
		"url":"/jcms/css/global.css",
		"match":[
		{
	        "re": "",
	        "name": "大汉JCMS",
	        "md5": "d8fb44266bf9a239e2a0906dfebae160"
		},{
	        "re": "",
	        "name": "大汉JCMS",
	        "md5": "4d42ed20c5a6ec7f28d550eb41c2e58c"
		}]
	},{
		"url":"/jcms/images/login/login_bgtop.png",
		"match":[
		{
	        "re": "",
	        "name": "大汉JCMS",
	        "md5": "10b6e61f8ce67d5ad05280e68c0c19c7"
		}]
	},{
		"url":"/jcms/images/login/logo.jpg",
		"match":[
		{
	        "re": "",
	        "name": "大汉JCMS",
	        "md5": "7a3cb96b0a67df84e5224ff50d1bb946"
		},{
	        "re": "",
	        "name": "大汉JCMS",
	        "md5": "d182c9bec6824c6eafd25f9589d37a0a"
		}]
	},{
		"url":"/script/pagecontrol.js",
		"match":[
		{
	        "re": "",
	        "name": "大汉JCMS",
	        "md5": "648187e9a323b6018689e38758fa3d84"
		}]
	},{
		"url":"/phpmyadmin/",
		"match":[
		{
	        "re": "phpmyadmin\\.css",
	        "name": "PhpMyAdmin",
	        "md5": ""
		}]
	},{
		"url":"/phpmyadmin/favicon.ico",
		"match":[
		{
	        "re": "",
	        "name": "PhpMyAdmin",
	        "md5": "ebd8a51a6152d6da6436399bb4355488"
		},{
			  "re": "",
	       	 "name": "PhpMyAdmin",
	         "md5": "d037ef2f629a22ddadcf438e6be7a325"
		}]
	},{
		"url":"/phpmyadmin/themes/pmahomme/jquery/jquery-ui-1.8.16.custom.css",
		"match":[
		{
	        "re": "",
	        "name": "PhpMyAdmin",
	        "md5": "2059c4c1ec104e7554df5da1edb07a77"
		}]
	},{
		"url":"/script/pagecontrol.js",
		"match":[
		{
	        "re": "",
	        "name": "PhpMyAdmin",
	        "md5": "6537bfe0438d4073b92f3e0a05dd3fb4"
		}]
	},{
		"url":"/images/lajipic010_1.gif",
		"match":[
		{
	        "re": "",
	        "name": "亿邮Email",
	        "md5": "4fd26fa6dc51a12cdbb6adc39ef7ce83"
		}]
	},{
		"url":"/php/user/css/main.css",
		"match":[
		{
	        "re": "",
	        "name": "亿邮Email",
	        "md5": "518941ec31b77d0edec5f04aac2b918d"
		}]
	},{
		"url":"/images/tongda.ico",
		"match":[
		{
	        "re": "",
	        "name": "通达OA系统",
	        "md5": "c615668494a4cc54601a06976c9ea408"
		},{
	        "re": "",
	        "name": "通达OA系统",
	        "md5": "ab93346c1650acf2f16328fa41caf425"
		}]
	},{
		"url":"/default/login_btn.png",
		"match":[
		{
	        "re": "",
	        "name": "通达OA系统",
	        "md5": "4d94103aa03e2a9af93030d7b1415b3b"
		}]
	},{
		"url":"/kingdee/login/images/logo-kingdee.gif",
		"match":[
		{
	        "re": "",
	        "name": "金蝶OA",
	        "md5": "f71f48eb366561b9a868baf89c95cd82"
		}]
	},{
		"url":"/oa/errors/images/ico_fhsy.gif",
		"match":[
		{
	        "re": "",
	        "name": "金蝶OA",
	        "md5": "e4cd63dfacdfbd8ce5377a19b7325936"
		}]
	},{
		"url":"/defaultroot/images/bg.png",
		"match":[
		{
	        "re": "",
	        "name": "万户OA",
	        "md5": "f8b341940465d9d73f042562813dbde4"
		}]
	},{
		"url":"/logo/images/icon_bg.gif",
		"match":[
		{
	        "re": "",
	        "name": "Yongyou",
	        "md5": "575b4e873e6b5172ba35979e7f9cbc28"
		}]
	},{
		"url":"/logo/images/ufida_nc.png",
		"match":[
		{
	        "re": "",
	        "name": "Yongyou",
	        "md5": "6697b4b70e0194cf5e786d39664ebfd3"
		}]
	},{
		"url":"/js/ext/resources/css/ext-all.css",
		"match":[
		{
	        "re": "",
	        "name": "泛微OA",
	        "md5": "ccb7b72900a36c6ebe41f7708edb44ce"
		}]
	},{
		"url":"/images/admin_bg_1.gif",
		"match":[
		{
	        "re": "",
	        "name": "网趣商城",
	        "md5": "3382b05d5f02a4659d044128db8900c7"
		}]
	}
	,{
		"url":"/images/small/m_replyp.gif",
		"match":[
		{
	        "re": "",
	        "name": "网趣商城",
	        "md5": "4c23f42e418b898ecebcf7b6aea95250"
		}]
	}
	,{
		"url":"/admin/images/index_hz01.gif",
		"match":[
		{
	        "re": "",
	        "name": "网趣商城",
	        "md5": "6b1188ee1f8002a8e7e15dffcfcbb5df"
		}]
	},{
		"url":"/pic/logo-tw.png",
		"match":[
		{
	        "re": "",
	        "name": "用友U8",
	        "md5": "133ddfebd5e24804f97feb4e2ff9574b"
		}]
	},{
		"url":"/adminsoft/templates/images/login_title.png",
		"match":[
		{
	        "re": "",
	        "name": "espcms",
	        "md5": "451cfba70adc60cb3804b0ad9b72bead"
		}]
	},{
		"url":"/adminsoft/templates/images/login_line.png",
		"match":[
		{
	        "re": "",
	        "name": "espcms",
	        "md5": "aa782fa301d616db1527e81c1bd6834c"
		}]
	},{
		"url":"/public/tinyMCE/themes/simple/img/icons.gif",
		"match":[
		{
	        "re": "",
	        "name": "espcms",
	        "md5": "1c860788c919c0ba62bca6be37b8b263"
		}]
	},{
		"url":"/zabbix/images/general/zabbix.ico",
		"match":[
		{
	        "re": "",
	        "name": "Zabbix",
	        "md5": "2bde0f1bbbb3da98b86e46c28125336c"
		}]
	},{
		"url":"/zabbix/favicon.ico",
		"match":[
		{
	        "re": "",
	        "name": "Zabbix",
	        "md5": "84dc123a94418b2897cbd147883472d6"
		}]
	},{
		"url":"/wcm/images/error.gif",
		"match":[
		{
	        "re": "",
	        "name": "WCM系统V6",
	        "md5": "b685f4427a8c2b4afb5f01ffbb4a7af2"
		}]
	},{
		"url":"/wcm/images/error.gif",
		"match":[
		{
	        "re": "",
	        "name": "WCM系统V6",
	        "md5": "b685f4427a8c2b4afb5f01ffbb4a7af2"
		}]
	},{
		"url":"/manager/image/common/login_button_bg.gif",
		"match":[
		{
	        "re": "",
	        "name": "中企动力CMS",
	        "md5": "00bc1d6a9fe417a1d1d2c1cd21365767"
		}]
	},{
		"url":"/live800/style2/img/advisor.png",
		"match":[
		{
	        "re": "",
	        "name": "Live800",
	        "md5": "88d536b6f7b2238bf218ed25cf34bb4f"
		}]
	},{
		"url":"/chs/images/favicon.ico",
		"match":[
		{
	        "re": "",
	        "name": "VOS3000",
	        "md5": "ec48166d7be37e8d50b132b07fdd2af6"
		}]
	},{
		"url":"/Easy7/images/ico/loginbutton.png",
		"match":[
		{
	        "re": "",
	        "name": "easy7视频监控平台",
	        "md5": "bb2df5d4a43793e80be55a27170dd8bb"
		}]
	},{
		"url":"/images/download.png",
		"match":[
		{
	        "re": "",
	        "name": "全程oa",
	        "md5": "9921660baaf9e0b3b747266eb5af880f"
		}]
	},{
		"url":"/images/common/banner.jpg",
		"match":[
		{
	        "re": "",
	        "name": "WebMail",
	        "md5": "65a240922b63207dfabe858e8023e6bf"
		}]
	},{
		"url":"/img/logo.gif",
		"match":[
		{
	        "re": "",
	        "name": "天融信Panabit",
	        "md5": "bed506fb086ccd625d6e43e2c5db398e"
		}]
	},{
		"url":"/images/logo.gif",
		"match":[
		{
	        "re": "",
	        "name": "浪潮CMS",
	        "md5": "8e111ed7ed44684c5a85be178841fa1c"
		}]
	},{
		"url":"/images/btn_bg1.gif",
		"match":[
		{
	        "re": "",
	        "name": "浪潮CMS",
	        "md5": "c70d2c34b9305d87c6e6267887bd1c91"
		}]
	},{
		"url":"/admin/images/login-top-bg.gif",
		"match":[
		{
	        "re": "",
	        "name": "Shop7z",
	        "md5": "8c6823e9c228395a7d41fd5650ca893b"
		}]
	},{
		"url":"/backoffice/favicon.ico",
		"match":[
		{
	        "re": "",
	        "name": "明腾CMS",
	        "md5": "2488a216fc8480467e5d479402672fdd"
		}]
	},{
		"url":"/bbs/pic/type0.gif",
		"match":[
		{
	        "re": "",
	        "name": "6KBBS",
	        "md5": "77eab484baae891d1124abc7ccd106e3"
		}]
	},{
		"url":"/bbs/pic/0.gif",
		"match":[
		{
	        "re": "",
	        "name": "6KBBS",
	        "md5": "cd2fde781b6275ed27ce06e646f1ccbd"
		}]
	},{
		"url":"/hlp/IMAGES/top.gif",
		"match":[
		{
	        "re": "",
	        "name": "qzdatasoft强智教务管理系统",
	        "md5": "f2e99b0a37de44f8e8a1ce7a3af53c85"
		}]
	},{
		"url":"/hlp/Images/vertline.gif",
		"match":[
		{
	        "re": "",
	        "name": "qzdatasoft强智教务管理系统",
	        "md5": "7ccf3630fd1411ebf613569db4fff783"
		}]
	},{
		"url":"/images/place/dflogin_logo.gif",
		"match":[
		{
	        "re": "",
	        "name": "HiMail",
	        "md5": "d5f5a520c2e9baad3ea553efe83d6164"
		}]
	},{
		"url":"/images/place/dflogin_bg.gif",
		"match":[
		{
	        "re": "",
	        "name": "HiMail",
	        "md5": "71395dec0c0ada3be92359a9d34a922a"
		}]
	},{
		"url":"/theme/com/sun/webui/jsf/suntheme/images/login/gradlogtop.jpg",
		"match":[
		{
	        "re": "",
	        "name": "Glassfish",
	        "md5": "0ebf4645c6dbbe85501dc7e27bb4789a"
		}]
	},{
		"url":"/theme/com/sun/webui/jsf/suntheme/images/login/gradlogtop.jpg",
		"match":[
		{
	        "re": "",
	        "name": "Glassfish",
	        "md5": "0ebf4645c6dbbe85501dc7e27bb4789a"
		}]
	},{
		"url":"/app_themes/admin/admin_images/login_tp.jpg",
		"match":[
		{
	        "re": "",
	        "name": "速贝CMS",
	        "md5": "a38f595f434ba70b962d7bd27dc6b729"
		}]
	},{
		"url":"/App_Themes/admin/admin_images/login.jpg",
		"match":[
		{
	        "re": "",
	        "name": "速贝CMS",
	        "md5": "bb0a2e312b75d0413b97331291151da5"
		}]
	},{
		"url":"/ids/admin/js/TRSBase.js",
		"match":[
		{
	        "re": "",
	        "name": "TrsIDS",
	        "md5": "b8fc2eaaa0a857dd4519c80a7deb325b"
		}]
	},{
		"url":"/ids/admin/images/favicon.ico",
		"match":[
		{
	        "re": "",
	        "name": "TrsIDS",
	        "md5": "2c0131a4359578d68e675252d2d0c1a4 | cbd89bd471ae072f74fa9dec9b3a48d5"
		}]
	},{
		"url":"/ids/admin/images/loginmpbg.jpg",
		"match":[
		{
	        "re": "",
	        "name": "TrsIDS",
	        "md5": "cbd89bd471ae072f74fa9dec9b3a48d5"
		}]
	},{
		"url":"/admin/image/long_bg.png",
		"match":[
		{
	        "re": "",
	        "name": "FengCms",
	        "md5": "480d4f11843eea195785d5f595008fcb"
		}]
	},{
		"url":"/admin/image/login_box.jpg",
		"match":[
		{
	        "re": "",
	        "name": "FengCms",
	        "md5": "49bc11fadbff25cd5d4452ed9b5ec5ac"
		}]
	},{
		"url":"/Admin/Images/Exit-Line.gif",
		"match":[
		{
	        "re": "",
	        "name": "expocms",
	        "md5": "42bbff11d716d50807c16c1bba95203b"
		}]
	},{
		"url":"/admin/image/login_box.jpg",
		"match":[
		{
	        "re": "",
	        "name": "FengCms",
	        "md5": "c61cd01d1e968dcc16cd8a875a693830"
		}]
	},{
		"url":"/install/images/00.png",
		"match":[
		{
	        "re": "",
	        "name": "abcms",
	        "md5": "c5ee1709a853229d2c91d736eda10051"
		}]
	},{
		"url":"/images-global/zoom/zoom-caption-fill.png",
		"match":[
		{
	        "re": "",
	        "name": "abcms",
	        "md5": "4b6f9654b24b1ef9670b361642f444b"
		}]
	},{
		"url":"/images-global/zoom/zoom-caption-fill.png",
		"match":[
		{
	        "re": "",
	        "name": "abcms",
	        "md5": "4b6f9654b24b1ef9670b361642f444b"
		}]
	},{
        "url": "/admin/images/image_new.gif",
		"match":[
		{
			"re": "",
			"name": "cutecms",
			"md5": "cedf52433a7f0f5bbb4821a4afc2e8e8"
		}]
    },{
        "url": "/admin/images/bg-pay-return-success.gif",
		"match":[
		{
			"re": "",
			"name": "cutecms",
			"md5": "f154320904ea0a48976246d0c2144138"
		}]
    },{
        "url": "/images/admina/sitmap0.png",
		"match":[
		{
			"re": "",
			"name": "08cms",
			"md5": "e0c4b6301b769d596d183fa9688b002a"
		}]
    },{
        "url": "/images/admina/logo.png",
		"match":[
		{
			"re": "",
			"name": "08cms",
			"md5": "db113c0f641da45947a371c4b7e1d280"
		}]
    },{
        "url": "/images/admin/sprites.png",
		"match":[
		{
			"re": "",
			"name": "akcms",
			"md5": "80d5e4b529aeb4d4516045918e3f7e47"
		}]
    },{
		"url": "/static/sex0.jpg",
		"match":[
		{
			"re": "",
			"name": "ayacms",
			"md5": "af7dce4fabc43e6059862362e0dd8a80"
		}]
	},{
        "url": "/images/logo_wap.png",
		"match":[
		{
			"re": "",
			"name": "cmseasy",
			"md5": "b9281e6bd84987b3bcb5684d89c313cc"
		}]
    },{
        "url": "/images/admin/readme.gif",
		"match":[
		{
			"re": "",
			"name": "cmseasy",
			"md5": "3ca64935f89925da7e026d65a85852f7"
		}]
    },{
        "url": "/images/logo.png",
		"match":[
		{
			"re": "",
			"name": "xycms",
			"md5": "1e1fabb72b53c8dfb4946f027d215484"
		}]
    },{
        "url": "/admin/images/admin_logo.png",
		"match":[
		{
			"re": "",
			"name": "xycms",
			"md5": "237be78cfb03c14d70303342c0877959"
		}]
    },{
        "url": "/inc/image/m_tleft.png",
		"match":[
		{
			"re": "",
			"name": "ideacms",
			"md5": "369d7212fb62338d3dd23bb8d8c35de3"
		}]
    },{
        "url": "/admin/images/step4.jpg",
		"match":[
		{
			"re": "",
			"name": "ideacms",
			"md5": "5126977766e7509190e44a7386845e6b"
		}]
    },{
        "url": "/global/kindeditor/plugins/image/images/align_left.gif",
		"match":[
		{
			"re": "",
			"name": "方维团购",
			"md5": "41e066e74f2fa9105700dbdf4e4905c5"
		}]
    },{
        "url": "/Public/img_loading.gif",
		"match":[
		{
			"re": "",
			"name": "方维团购",
			"md5": "9f8edf2baf2d0b7920565037e5110e98"
		}]
    },{
        "url": "/images/blank.gif",
		"match":[
		{
			"re": "",
			"name": "phpok",
			"md5": "59ee141255b469bbe56342c6e29c576d"
		}]
    },{
        "url": "/js/www.js",
		"match":[
		{
			"re": "",
			"name": "phpok",
			"md5": "80ca751b87e8a1f160d93545a898b54c"
		}]
    },{
        "url": "/admin/images/login.gif",
		"match":[
		{
			"re": "",
			"name": "EC_word企业管理系统",
			"md5": "f762fa9035ad8ca7beb351bfffc7c354 | bcb18414fa6fd6be0bd85e5f71915f43 | c66671addb664ca0b462af6e20e87691"
		}]
    },{
        "url": "/piw/images/bg.jpg",
		"match":[
		{
			"re": "",
			"name": "PIWcms",
			"md5": "dafd6c713ac3121d331184b04b6e5286"
		}]
    },{
        "url": "/piw/images/log2.jpg",
		"match":[
		{
			"re": "",
			"name": "PIWcms",
			"md5": "962e5b2c8818ad192783b880fd97361e"
		}]
    },{
        "url": "/templates/default/images/sex.png",
		"match":[
		{
			"re": "",
			"name": "ShopNc",
			"md5": "1a501476d37c0288e07dc67aa7c34794"
		}]
    },{
        "url": "/templates/default/images/tip-yellowsimple_arrows.gif",
		"match":[
		{
			"re": "",
			"name": "ShopNc",
			"md5": "110d4a8b4b78f8d4c8f63fc77bf9d8c6"
		}]
    },{
        "url": "/shop/templates/default/images/tip-yellowsimple_arrows.gif",
		"match":[
		{
			"re": "",
			"name": "ShopNc",
			"md5": "110d4a8b4b78f8d4c8f63fc77bf9d8c6"
		}]
    }
]



	