{
	"component":[{
		"name":"Varnish",
		"rules":[{
			"url":"*",
			"match":[{
				"phrase":"http.headers.server",
				"regexp":"varnish",
				"version":""
				},{
				"phrase":"http.headers.via",
				"regexp":"varnish",
				"version":""
				},{
				"phrase":"http.headers.x_varnish",
				"regexp":"^(.*?)$",
				"version":""
				}
			]
		}
		]
	},{
		"name":"tinyproxy",
		"rules":[{
			"url":"*",
			"match":[{
				"phrase":"http.headers.server",
				"regexp":"tinyproxy",
				"version":"tinyproxy/([\\d\\.]*?)(?:\\s|$)"
				}
			]
		}
		]
	},{
		"name":"Squid",
		"rules":[{
			"url":"*",
			"match":[
			{
				"phrase":"http.headers.server",
				"regexp":"squid",
				"version":"squid/([\\d\\.]*?)(?:\\s|$)"
			},{
				"phrase":"http.headers.via",
				"regexp":"squid",
				"version":"squid/([\\d\\.]*?)(?:\\s|$)"
			}]
		}
		]
	},
	{
		"name":"EZproxy",
		"rules":[
		{
			"url":"*",
			"match":[
			{
				"phrase":"http.headers.server",
				"regexp":"ezproxy",
				"version":""
			}]
		}]
	},
	{
		"name":"mod_fastcgi",
		"rules":[{
			"url":"*",
			"match":[{
				"phrase":"http.headers.server",
				"regexp":"mod_fastcgi",
				"version":"mod_fastcgi/([\\d\\.]*?)(?:\\s|$)"
				}
			]
		}
		]
	},{
		"name":"mod_jk",
		"rules":[{
			"url":"*",
			"match":[{
				"phrase":"http.headers.server",
				"regexp":"mod_jk",
				"version":"mod_jk/([\\d\\.]*?)(?:\\s|$)"
				}
			]
		}
		]
	},{
		"name":"mod_wsgi",
		"rules":[{
			"url":"*",
			"match":[{
				"phrase":"http.headers.server",
				"regexp":"mod_wsgi",
				"version":"mod_wsgi/([\\d\\.]*?)(?:\\s|$)"
				}
			]
		}
		]
	},{
		"name":"mod_ssl",
		"rules":[{
			"url":"*",
			"match":[{
				"phrase":"http.headers.server",
				"regexp":"mod_ssl",
				"version":"mod_ssl/([\\d\\.]*?)(?:\\s|$)"
				}
			]
		}
		]
	},{
		"name":"mod_python",
		"rules":[{
			"url":"*",
			"match":[{
				"phrase":"http.headers.server",
				"regexp":"mod_python",
				"version":"mod_python/([\\d\\.]*?)(?:\\s|$)"
				}
			]
		}
		]
	},{
		"name":"mod_perl",
		"rules":[{
			"url":"*",
			"match":[{
				"phrase":"http.headers.server",
				"regexp":"mod_perl",
				"version":"mod_perl/([\\d\\.]*?)(?:\\s|$)"
				}
			]
		}
		]
	},{
		"name":"mod_dav",
		"rules":[{
			"url":"*",
			"match":[{
				"phrase":"http.headers.server",
				"regexp":"DAV/2",
				"version":""
				}
			]
		}
		]
	},{
		"name":"OpenSSL",
		"rules":[{
			"url":"*",
			"match":[{
				"phrase":"http.headers.server",
				"regexp":"openssl",
				"version":"openssl/([\\S\\.]*?)(?:\\s|$)"
				}
			]
		}
		] 
	},{
		"name":"Python",
		"rules":[{
			"url":"*",
			"match":[{
				"phrase":"http.headers.server",
				"regexp":"python",
				"version":"python/([\\d\\.]*?)(?:\\s|$)"
				}
			]
		}
		] 
	}]
}