{
	"server":[{
		"name":"Microsoft IIS",
		"rules":[{
			"url":"*",
			"match":[{
				"phrase":"http.headers.server",
				"regexp":"iis",
				"version":"iis/([\\d\\.]*?)(?:\\s|$)"
				},{
				"phrase":"http.headers.x_power_by",
				"regexp":"asp\\.net|waf/2.0",
				"version":""
				}
			]
		}
		]
	},{
		"name":"Nginx",
		"rules":[{
			"url":"*",
			"match":[{
				"phrase":"http.headers.server",
				"regexp":"nginx",
				"version":"nginx/([\\d\\.]*?)(?:\\s|$)"
				},{
				"phrase":"http.headers.server",
				"regexp":"ngx_openresty",
				"version":""
				}
			]
		}
		]
	},{
		"name":"Apache httpd",
		"rules":[{
			"url":"*",
			"match":[
			{
				"phrase":"http.headers.server",
				"regexp":"^apache$|apache/",
				"version":"apache/([\\d\\.]*?)(?:\\s|$)"
			}]
		}
		]
	},
	{
		"name":"Apache Tomcat",
		"rules":[
		{
			"url":"/RELEASE-NOTES.txt",
			"match":[
			{
				"phrase":"http.body",
				"regexp":"Apache Tomcat Version",
				"version":"Apache Tomcat Version ([0-9\\.]+)"
			}]
		},{
			"url":"/index.jsp",
			"match":[
			{
				"phrase":"http.body",
				"regexp":"tomcat",
				"version":">apache tomcat/([\\d\\.]*?)<"
			},{
				"phrase":"http.headers.server",
				"regexp":"apache-coyote|tomcat",
				"version":""
			}]
		}]
	},{
		"name":"WWW Server",
		"rules":[{
			"url":"*",
			"match":[{
				"phrase":"http.headers.server",
				"regexp":"www Server",
				"version":"www server/([\\d\\.]*?)(?:\\s|$)"
				}
			]
		}
		]
	},{
		"name":"kangle",
		"rules":[{
			"url":"*",
			"match":[{
				"phrase":"http.headers.server",
				"regexp":"kangle",
				"version":"kangle/([\\d\\.]*?)(?:\\s|$)"
				}
			]
		}
		]
	},{
		"name":"Apache Traffic Server",
		"rules":[{
			"url":"*",
			"match":[{
				"phrase":"http.headers.server",
				"regexp":"ats",
				"version":"ats/([\\d\\.]*?)(?:\\s|$)"
				}
			]
		}
		]
	},
	{
		"name":"Lighttpd",
		"rules":[{
			"url":"*",
			"match":[{
				"phrase":"http.headers.server",
				"regexp":"lighttpd",
				"version":"lighttpd/([\\d\\.]*?)(?:\\s|$)"
				}
			]
		}
		]
	},{
		"name":"TornadoServer",
		"rules":[{
			"url":"*",
			"match":[{
				"phrase":"http.headers.server",
				"regexp":"tornadoServer",
				"version":"TornadoServer/([\\d\\.]*?)(?:\\s|$)"
				}
			]
		}
		] 
	},{
		"name":"Jetty",
		"rules":[{
			"url":"*",
			"match":[{
				"phrase":"http.headers.server",
				"regexp":"jetty",
				"version":"jetty\\((\\S*?)\\)"
				},{
				"phrase":"http.headers.server",
				"regexp":"jetty",
				"version":"jetty/([\\d\\.]*?)(?:\\s|$)"
				}
			]
		},{
			"url":"/",
			"match":[{
				"phrase":"http.body",
				"regexp":"<title>Powered By Jetty</title>",
				"version":""
				}
			]
		}
		]
	},{
		"name":"Gunicorn",
		"rules":[{
			"url":"*",
			"match":[{
				"phrase":"http.headers.server",
				"regexp":"gunicorn",
				"version":"gunicorn/([\\d\\.]*?)(?:\\s|$)"
				}
			]
		}
		]
	},{
		"name":"eHTTP",
		"rules":[{
			"url":"*",
			"match":[{
				"phrase":"http.headers.server",
				"regexp":"ehttp",
				"version":"eHTTP v([\\d\\.]*?)(?:\\s|$)"
				}
			]
		}
		]
	},{
		"name":"BaseHTTP",
		"rules":[{
			"url":"*",
			"match":[{
				"phrase":"http.headers.server",
				"regexp":"basehttp",
				"version":"BaseHTTP/([\\d\\.]*?)(?:\\s|$)"
				}
			]
		}
		]
	},{
		"name":"TEngine",
		"rules":[{
			"url":"*",
			"match":[{
				"phrase":"http.headers.server",
				"regexp":"tengine",
				"version":"tengine/([\\d\\.]*?)(?:\\s|$)"
				}
			]
		}
		]
	},{
		"name":"WebLogic",
		"rules":[{
			"url":"*",
			"match":[{
				"phrase":"http.headers.server",
				"regexp":"weblogic",
				"version":"weblogic/([\\d\\.]*?)(?:\\s|$)"
				}
			]
		},{
			"url":"/console/framework/skins/wlsconsole/images/Branding_WeblogicConsole.gif",
			"match":[{
				"phrase":"http.body",
				"md5":["943ffab4d425979a3bb0bacaa4d0deb7", "5257d5abcb6641b38e780ca883c76c27"]
				}
			]
		},{
			"url":"/console/images/button_bg_n.png",
			"match":[{
				"phrase":"http.body",
				"md5":["83676097dde461e00c4f9da0a8e00a89", "1caf131e04a6d57d65e2998944a2b0db"]
				}
			]
		},{
			"url":"/console/framework/skins/wlsconsole/images/Loginarea_Background.png",
			"match":[{
				"phrase":"http.body",
				"md5":"fdc6dc439124a7c685c98bcaebfd0e0a"
				}
			]
		}
		]
	},{
		"name":"JBOSS",
		"rules":[{
			"url":"*",
			"match":[{
				"phrase":"http.headers.x_power_by",
				"regexp":"jboss",
				"version":"jboss-([\\d\\.]*?)(?:\\s|$)"
				}
			]
		},{
			"url":"/",
			"match":[{
				"phrase":"http.body",
				"regexp":"<title>.*?Welcome to JBoss.*?</title>",
				"version":""
				}
			]
		},{
			"url":"/favicon.ico",
			"match":[{
				"phrase":"http.body",
				"md5":"1b24a7a916a0e0901e381a0d6131b28d"
				}
			]
		},{
			"url":"/jboss.css",
			"match":[{
				"phrase":"http.body",
				"md5":"fdee94cd3e3d0467a5b53cddaae4f009"
				}
			]
		},{
			"url":"/logo.gif",
			"match":[{
				"phrase":"http.body",
				"md5":"99e21d7cb5f66644772b52ebd1a5a33f"
			}]
		}
		]
	},{
		"name":"WSGIServer",
		"rules":[{
			"url":"*",
			"match":[{
				"phrase":"http.headers.server",
				"regexp":"wsgiserver",
				"version":"wsgiserver/([\\d\\.]*?)(?:\\s|$)"
				}
			]
		}
		]
	},{
		"name":"WebSphere",
		"rules":[{
			"url":"/images/foreground.gif",
			"match":[{
				"phrase":"http.body",
				"md5":"6db4220a3704c5188fb4eac4e960896e"
				}
			]
		}
		]
	}]
}